PWSID,Supply Name,Population,2021,2022,2023,2024,2025,Total Replaced,Lead Lines,GPCL,Unknown,Total To Replace,Percent Replaced,Non-Lead,Total Lines,Exceedance,Latitude,Longitude,EPA_Link,Status Explanation,Status
MI0000011,ACME TOWNSHIP  HOPE VILLAGE,128,,,,,,,,,,,,1,1,,44.77368021,-85.50202394,https://echo.epa.gov/detailed-facility-report?fid=MI0000011&sys=SDWIS," Inventory completed, no lead lines identified ",No lead lines
MI0000012,ADA TOWNSHIP,"7,068",,,,,,,,,,,,"2,431","2,431",,42.94588332,-85.50816724,https://echo.epa.gov/detailed-facility-report?fid=MI0000012&sys=SDWIS," Inventory completed, no lead lines identified ",No lead lines
MI0000020,ADAMS TOWNSHIP,"2,010",,,,,,,,,154,154,0%,481,635,,47.04857945,-88.6653503,https://echo.epa.gov/detailed-facility-report?fid=MI0000020&sys=SDWIS," Not Compliant (<20% average replacement, 2021–2024) ",Not compliant
MI0000030,ADDISON,605,,,,,,,,,,,,118,152,,41.98676106,-84.34824006,https://echo.epa.gov/detailed-facility-report?fid=MI0000030&sys=SDWIS,Inventory not received or data not complete,Inventory not received or incomplete
MI0000040,ADRIAN,"23,663",57,124,58,88,190,517,5,"2,280",,"2,285",18.5%,"3,876","6,161",,41.89813345,-84.04586038,https://echo.epa.gov/detailed-facility-report?fid=MI0000040&sys=SDWIS," Not Compliant (<20% average replacement, 2021–2024) ",Not compliant
MI0001352,ADVENTURE ACRES,75,,,,,,,,,,,,1,1,,42.82856261,-83.54939391,https://echo.epa.gov/detailed-facility-report?fid=MI0001352&sys=SDWIS," Inventory completed, no lead lines identified ",No lead lines
MI0000050,AHMEEK,148,,,,,,,,9,,9,0%,98,107,,47.29891793,-88.38142499,https://echo.epa.gov/detailed-facility-report?fid=MI0000050&sys=SDWIS," Not Compliant (<20% average replacement, 2021–2024) ",Not compliant
MI0000070,AKRON,402,,,,,,,,,,,,202,202,,43.56991667,-83.51468428,https://echo.epa.gov/detailed-facility-report?fid=MI0000070&sys=SDWIS," Inventory completed, no lead lines identified ",No lead lines
MI0000072,AKRON TOWNSHIP,219,,,,,,,,,,,,98,98,,,,," Inventory completed, no lead lines identified ",No lead lines
MI0000082,ALABASTER TOWNSHIP,86,,,,,,,,,,,,45,45,,44.22678093,-83.5489467,https://echo.epa.gov/detailed-facility-report?fid=MI0000082&sys=SDWIS," Inventory completed, no lead lines identified ",No lead lines
MI0060085,ALAMO COVE NURSING HOME,100,,,,,,,,,,,,3,3,,,,," Inventory completed, no lead lines identified ",No lead lines
MI0040458,ALAN'S PARK  DURAND,41,,,,,,,,,,,,157,157,,42.94550398,-83.93538338,https://echo.epa.gov/detailed-facility-report?fid=MI0040458&sys=SDWIS," Inventory completed, no lead lines identified ",No lead lines
MI0040319,ALAN'S PARK  FOWLERVILLE,350,,,,,,,,,,,,157,157,,42.65265374,-84.11371916,https://echo.epa.gov/detailed-facility-report?fid=MI0040319&sys=SDWIS," Inventory completed, no lead lines identified ",No lead lines
MI0040129,ALANSON ESTATES MOBILE HOME PARK,50,,,,,,,,,,,,20,20,,45.51328336,-84.66976458,https://echo.epa.gov/detailed-facility-report?fid=MI0040129&sys=SDWIS," Inventory completed, no lead lines identified ",No lead lines
MI0000088,ALBEE TOWNSHIP,411,,,,,,,,,,,,203,203,,43.26471542,-83.95224622,https://echo.epa.gov/detailed-facility-report?fid=MI0000088&sys=SDWIS," Inventory completed, no lead lines identified ",No lead lines
MI0000100,ALBION,"9,144",,,4,3,75,82,609,18,,627,11.6%,"2,142","2,769",,42.24992671,-84.75480233,https://echo.epa.gov/detailed-facility-report?fid=MI0000100&sys=SDWIS," Not Compliant (<20% average replacement, 2021–2024) ",Not compliant
MI0040259,ALGOMA ESTATES,580,,,,,,,,,,,,343,343,,43.17226164,-85.57229585,https://echo.epa.gov/detailed-facility-report?fid=MI0040259&sys=SDWIS," Inventory completed, no lead lines identified ",No lead lines
MI0000110,"ALGONAC, CITY OF","4,110",,1,2,,,3,,29,"1,059","1,088",0.3%,739,"1,827",,42.63109215,-82.53261813,https://echo.epa.gov/detailed-facility-report?fid=MI0000110&sys=SDWIS," Not Compliant (<20% average replacement, 2021–2024) ",Not compliant
MI0000120,ALLEGAN,"5,930",12,17,243,124,106,502,631,433,1,"1,065",32.0%,656,"1,721",,42.52938725,-85.85095054,https://echo.epa.gov/detailed-facility-report?fid=MI0000120&sys=SDWIS,"Compliant (≥20% average replacement, 2021–2024)",Compliant
MI0000125,ALLEGAN COUNTY SERVICES CENTER,101,,,,,,,,,,,,8,8,,42.62021375,-85.84286916,https://echo.epa.gov/detailed-facility-report?fid=MI0000125&sys=SDWIS," Inventory completed, no lead lines identified ",No lead lines
MI0040002,ALLEGAN MOBILE ESTATES,100,,,,,,,,,38,38,0%,4,42,,42.50977008,-85.82368521,https://echo.epa.gov/detailed-facility-report?fid=MI0040002&sys=SDWIS," Not Compliant (<20% average replacement, 2021–2024) ",Not compliant
MI0000130,ALLEN PARK,"28,210",8,55,15,43,74,195,236,,,236,45.2%,"11,611","11,847",,42.25975727,-83.21058889,https://echo.epa.gov/detailed-facility-report?fid=MI0000130&sys=SDWIS,"Compliant (≥20% average replacement, 2021–2024)",Compliant
MI0000127,ALLENDALE TOWNSHIP,"19,725",,,,,,,,,,,,"3,790","3,790",,42.96852528,-85.92232101,https://echo.epa.gov/detailed-facility-report?fid=MI0000127&sys=SDWIS," Inventory completed, no lead lines identified ",No lead lines
MI0000140,"ALMA, CITY OF","9,182",,7,6,6,49,68,,115,505,620,9.9%,"2,379","2,999",,43.38332779,-84.65527638,https://echo.epa.gov/detailed-facility-report?fid=MI0000140&sys=SDWIS," Not Compliant (<20% average replacement, 2021–2024) ",Not compliant
MI0000150,"ALMONT, VILLAGE OF","2,674",7,20,,3,,30,,,16,16,65.2%,"1,055","1,071",,42.91730579,-83.03962119,https://echo.epa.gov/detailed-facility-report?fid=MI0000150&sys=SDWIS,"Compliant (≥20% average replacement, 2021–2024)",Compliant
MI0000160,"ALPENA, CITY OF","10,128",25,14,18,51,24,132,7,76,"4,022","4,105",3.1%,538,"4,643",,45.05731219,-83.454121,https://echo.epa.gov/detailed-facility-report?fid=MI0000160&sys=SDWIS," Not Compliant (<20% average replacement, 2021–2024) ",Not compliant
MI0000180,ALPHA,198,,4,,,1,5,3,9,18,30,14.3%,96,126,,46.04532268,-88.3775196,https://echo.epa.gov/detailed-facility-report?fid=MI0000180&sys=SDWIS," Not Compliant (<20% average replacement, 2021–2024) ",Not compliant
MI0040681,ALTO MEADOWS,250,,,,,,,,,,,,95,95,,42.85263361,-85.3851259,https://echo.epa.gov/detailed-facility-report?fid=MI0040681&sys=SDWIS," Inventory completed, no lead lines identified ",No lead lines
MI0040023,AMBER ESTATES MOBILE HOME PARK,125,,,,,,,,,,,,49,49,,42.66885066,-86.00910506,https://echo.epa.gov/detailed-facility-report?fid=MI0040023&sys=SDWIS," Inventory completed, no lead lines identified ",No lead lines
MI0000215,ANDELINA FARMS,156,,,,,,,,,,,,289,289,,42.15181213,-83.70474344,https://echo.epa.gov/detailed-facility-report?fid=MI0000215&sys=SDWIS," Inventory completed, no lead lines identified ",No lead lines
MI0040246,ANDREWS ESTATES,178,,,,,,,,,,,,70,70,,42.2861731,-85.38962715,https://echo.epa.gov/detailed-facility-report?fid=MI0040246&sys=SDWIS," Inventory completed, no lead lines identified ",No lead lines
MI0000210,ANDREWS UNIVERSITY,"3,000",,,,,,,,,,,,118,118,,41.95804863,-86.3505465,https://echo.epa.gov/detailed-facility-report?fid=MI0000210&sys=SDWIS," Inventory completed, no lead lines identified ",No lead lines
MI0000220,ANN ARBOR,"118,017",112,137,103,63,77,492,,471,2,473,51.0%,"25,402","25,875",,42.27450486,-83.73111038,https://echo.epa.gov/detailed-facility-report?fid=MI0000220&sys=SDWIS,"Compliant (≥20% average replacement, 2021–2024)",Compliant
MI0000221,ANN ARBOR TOWNSHIP,"1,338",,,,,,,,,,,,443,443,,42.36129871,-83.68729949,https://echo.epa.gov/detailed-facility-report?fid=MI0000221&sys=SDWIS," Inventory completed, no lead lines identified ",No lead lines
MI0040355,APPLE CARR VILLAGE,"1,125",,,,,,,,,,,,719,719,,43.24669374,-86.11639054,https://echo.epa.gov/detailed-facility-report?fid=MI0040355&sys=SDWIS," Inventory completed, no lead lines identified ",No lead lines
MI0040664,APPLE GROVE ESTATES,125,,,,,,,,,,,,50,50,,43.22067359,-85.71512448,https://echo.epa.gov/detailed-facility-report?fid=MI0040664&sys=SDWIS," Inventory completed, no lead lines identified ",No lead lines
MI0040668,APPLEWOOD,75,,,,,,,,,,,,31,31,,42.22340689,-86.16553069,https://echo.epa.gov/detailed-facility-report?fid=MI0040668&sys=SDWIS," Inventory completed, no lead lines identified ",No lead lines
MI0000236,ARBOR RIDGE CONDOMINIUMS,58,,,,,,,,,,,,12,12,2019,42.24120436,-84.49845386,https://echo.epa.gov/detailed-facility-report?fid=MI0000236&sys=SDWIS," Inventory completed, no lead lines identified ",No lead lines
MI0004778,ARBOR VIEW,25,,,,,,,,,,,,14,14,,,,," Inventory completed, no lead lines identified ",No lead lines
MI0040223,ARBOR VILLAGE,670,,,,,,,,,,,,268,268,,42.22840028,-84.55361898,https://echo.epa.gov/detailed-facility-report?fid=MI0040223&sys=SDWIS," Inventory completed, no lead lines identified ",No lead lines
MI0066355,ARGENTINE CARE CENTER,60,,,,,,,,,2,2,0%,,2,,42.79104439,-83.84156973,https://echo.epa.gov/detailed-facility-report?fid=MI0066355&sys=SDWIS," Not Compliant (<20% average replacement, 2021–2024) ",Not compliant
MI0040356,ARLINGTON WOODS,"1,650",,,,,,,,,,,,660,660,,43.20929818,-86.14799181,https://echo.epa.gov/detailed-facility-report?fid=MI0040356&sys=SDWIS," Inventory completed, no lead lines identified ",No lead lines
MI0000240,"ARMADA, VILLAGE OF","1,794",,4,,,,4,151,3,,154,2.5%,459,613,,42.83621201,-82.89857401,https://echo.epa.gov/detailed-facility-report?fid=MI0000240&sys=SDWIS," Not Compliant (<20% average replacement, 2021–2024) ",Not compliant
MI0000242,ARTESIAN SPRINGS RV RESORT,61,,,,,,,,,,,,20,20,,,,," Inventory completed, no lead lines identified ",No lead lines
MI0000245,ASH TOWNSHIP,"5,959",2,,2,1,5,10,49,3,905,957,1.0%,"1,484","2,441",,42.05860723,-83.37073586,https://echo.epa.gov/detailed-facility-report?fid=MI0000245&sys=SDWIS," Not Compliant (<20% average replacement, 2021–2024) ",Not compliant
MI0000250,"ASHLEY, VILLAGE OF",526,,,,,,,,,,,,245,245,,43.18661937,-84.47730942,https://echo.epa.gov/detailed-facility-report?fid=MI0000250&sys=SDWIS," Inventory completed, no lead lines identified ",No lead lines
MI0000260,ATHENS,956,1,5,13,10,18,47,,127,7,134,26.0%,313,447,,42.09309742,-85.26368723,https://echo.epa.gov/detailed-facility-report?fid=MI0000260&sys=SDWIS," Not Compliant (<20% average replacement, 2021–2024) ",Not compliant
MI0000285,AU GRES TOWNSHIP,66,,,,,,,,,,,,38,38,,44.04763671,-83.6932066,https://echo.epa.gov/detailed-facility-report?fid=MI0000285&sys=SDWIS," Inventory completed, no lead lines identified ",No lead lines
MI0000280,"AU GRES, CITY OF",945,,,,,,,,,,,,582,,,44.04407674,-83.69037171,https://echo.epa.gov/detailed-facility-report?fid=MI0000280&sys=SDWIS,Inventory not received or data not complete,Inventory not received or incomplete
MI0000290,AU SABLE TOWNSHIP,"2,370",,,,,,,,,,,,"1,340","1,340",,44.38646017,-83.33356643,https://echo.epa.gov/detailed-facility-report?fid=MI0000290&sys=SDWIS," Inventory completed, no lead lines identified ",No lead lines
MI0000300,AUBURN,"2,087",,,,,,,,,757,757,0%,196,953,,43.59988993,-84.09276037,https://echo.epa.gov/detailed-facility-report?fid=MI0000300&sys=SDWIS," Not Compliant (<20% average replacement, 2021–2024) ",Not compliant
MI0005450,AUBURN HILLS,"21,412",,,,,,,,,,,,"5,630","5,630",,42.68074129,-83.24543955,https://echo.epa.gov/detailed-facility-report?fid=MI0005450&sys=SDWIS," Inventory completed, no lead lines identified ",No lead lines
MI0000320,AUGUSTA,885,7,,5,10,1,23,10,12,,22,51.1%,363,385,,42.33819134,-85.35162608,https://echo.epa.gov/detailed-facility-report?fid=MI0000320&sys=SDWIS,"Compliant (≥20% average replacement, 2021–2024)",Compliant
MI0000321,AUGUSTA TOWNSHIP,"3,907",,,,,,,,,,,,"1,537","1,537",,42.13304792,-83.58034254,https://echo.epa.gov/detailed-facility-report?fid=MI0000321&sys=SDWIS," Inventory completed, no lead lines identified ",No lead lines
MI0000324,AUSABLE VALLEY COMMUNITY,147,,,,,,,,,,,,12,12,2019,44.71849261,-84.0410189,https://echo.epa.gov/detailed-facility-report?fid=MI0000324&sys=SDWIS," Inventory completed, no lead lines identified ",No lead lines
MI0000322,AUSTIN COMMONS II,280,,,,,,,,,,,,112,112,,42.15752313,-83.80163876,https://echo.epa.gov/detailed-facility-report?fid=MI0000322&sys=SDWIS," Inventory completed, no lead lines identified ",No lead lines
MI0001910,AUTUMN HILLS,50,,,,,,,,,,,,5,5,,41.98614097,-86.07083994,https://echo.epa.gov/detailed-facility-report?fid=MI0001910&sys=SDWIS," Inventory completed, no lead lines identified ",No lead lines
MI0040074,AVRA ESTATES,87,,,,,,,,,,,,61,61,,41.84247451,-85.03141275,https://echo.epa.gov/detailed-facility-report?fid=MI0040074&sys=SDWIS," Inventory completed, no lead lines identified ",No lead lines
MI0000340,BAD AXE,"3,129",,,,,2,2,,,,,100.0%,337,337,,43.80428625,-82.99883428,https://echo.epa.gov/detailed-facility-report?fid=MI0000340&sys=SDWIS," Inventory completed, no lead lines identified ",No lead lines
MI0000347,BAIR LAKE BIBLE CAMP,372,,,,,,,,2,,2,0%,21,23,,,,," Not Compliant (<20% average replacement, 2021–2024) ",Not compliant
MI0000355,BALDWIN TOWNSHIP,650,,,,,,,,,,,,404,404,,44.33094198,-83.65494983,https://echo.epa.gov/detailed-facility-report?fid=MI0000355&sys=SDWIS," Inventory completed, no lead lines identified ",No lead lines
MI0000350,"BALDWIN, VILLAGE OF","1,060",,,116,10,53,179,23,5,51,79,69.4%,328,407,,43.9021118,-85.83492661,https://echo.epa.gov/detailed-facility-report?fid=MI0000350&sys=SDWIS,"Compliant (≥20% average replacement, 2021–2024)",Compliant
MI0040041,BALTIMORE TERRACE,155,,,,,,,,,,,,65,65,,42.5813113,-85.26422587,https://echo.epa.gov/detailed-facility-report?fid=MI0040041&sys=SDWIS," Inventory completed, no lead lines identified ",No lead lines
MI0000370,"BANCROFT, VILLAGE OF",616,,,,,1,1,,,71,71,1.4%,126,197,,42.87253909,-84.06235926,https://echo.epa.gov/detailed-facility-report?fid=MI0000370&sys=SDWIS," Not Compliant (<20% average replacement, 2021–2024) ",Not compliant
MI0000380,BANGOR,"2,000",,,,,,,2,56,617,675,0%,98,773,,42.3126575,-86.10967661,https://echo.epa.gov/detailed-facility-report?fid=MI0000380&sys=SDWIS," Not Compliant (<20% average replacement, 2021–2024) ",Not compliant
MI0000390,BANGOR TOWNSHIP,"11,999",,5,,,,5,12,12,,24,17.2%,"4,746","4,770",,43.60117515,-83.8845006,https://echo.epa.gov/detailed-facility-report?fid=MI0000390&sys=SDWIS," Not Compliant (<20% average replacement, 2021–2024) ",Not compliant
MI0000400,BANGORMONITOR METRO DISTRICT,"2,971",,,,,,,,,8,8,0%,"1,242","1,250",,43.59154321,-83.96739918,https://echo.epa.gov/detailed-facility-report?fid=MI0000400&sys=SDWIS," Not Compliant (<20% average replacement, 2021–2024) ",Not compliant
MI0000410,BARAGA,"2,182",,,,,,,,,92,92,0%,655,747,,46.78157134,-88.49504248,https://echo.epa.gov/detailed-facility-report?fid=MI0000410&sys=SDWIS," Not Compliant (<20% average replacement, 2021–2024) ",Not compliant
MI0000418,BARN SWALLOW APARTMENTS,50,,,,,,,,,,,,1,1,,,,," Inventory completed, no lead lines identified ",No lead lines
MI0000420,BARODA,910,,,,2,,2,,6,282,288,0.7%,57,345,,41.95564524,-86.48731269,https://echo.epa.gov/detailed-facility-report?fid=MI0000420&sys=SDWIS," Not Compliant (<20% average replacement, 2021–2024) ",Not compliant
MI0040092,BARRON LAKE/ROSEBUSH,114,,,,,,,,,,,,49,49,,,,," Inventory completed, no lead lines identified ",No lead lines
MI0000426,BARRY TOWNSHIP,260,,,,,,,,,,,,101,101,,42.49820828,-85.40682781,https://echo.epa.gov/detailed-facility-report?fid=MI0000426&sys=SDWIS," Inventory completed, no lead lines identified ",No lead lines
MI0040042,BARRY'S RESORT,125,,,,,,,,,,,,53,53,2020,42.61245025,-85.21902008,https://echo.epa.gov/detailed-facility-report?fid=MI0040042&sys=SDWIS," Inventory completed, no lead lines identified ",No lead lines
MI0000430,BARTON HILLS,450,2,1,3,1,3,10,,3,90,93,9.7%,48,141,,42.32210158,-83.76338999,https://echo.epa.gov/detailed-facility-report?fid=MI0000430&sys=SDWIS," Not Compliant (<20% average replacement, 2021–2024) ",Not compliant
MI0040005,BASELINE MOBILE HOME PARK,188,,,,,,,,,,,,75,75,,42.4240803,-85.85905216,https://echo.epa.gov/detailed-facility-report?fid=MI0040005&sys=SDWIS," Inventory completed, no lead lines identified ",No lead lines
MI0000440,BATES TOWNSHIP,921,,,,,,,,,,,,612,612,,46.13844569,-88.5871516,https://echo.epa.gov/detailed-facility-report?fid=MI0000440&sys=SDWIS," Inventory completed, no lead lines identified ",No lead lines
MI0000450,BATTLE CREEK  VERONA SYSTEM,"43,975",227,194,330,254,425,1430,"3,614",167,"7,066","10,847",11.6%,"7,936","18,783",,42.29916454,-85.22937542,https://echo.epa.gov/detailed-facility-report?fid=MI0000450&sys=SDWIS," Not Compliant (<20% average replacement, 2021–2024) ",Not compliant
MI0006077,BAVARIAN SOFTWATER VILLAGE,420,,,,,,,,,,,,48,48,,42.74232495,-83.46507791,https://echo.epa.gov/detailed-facility-report?fid=MI0006077&sys=SDWIS," Inventory completed, no lead lines identified ",No lead lines
MI0000465,BAY AREA WATER SYSTEM,,,,,,,,,,,,,,,,,,,No service lines; wholesale only,No service lines; wholesale only
MI0000470,"BAY CITY, CITY OF","32,255",278,523,475,628,689,2593,"3,323",879,,"4,202",38.2%,"9,826","14,028",,43.61697345,-83.89720103,https://echo.epa.gov/detailed-facility-report?fid=MI0000470&sys=SDWIS,"Compliant (≥20% average replacement, 2021–2024)",Compliant
MI0000485,BAY CO. DEPT OF WATER & SEWER,"8,465",,4,4,,,8,9,7,,16,33.3%,"3,029","3,045",,43.6280191,-83.88176549,https://echo.epa.gov/detailed-facility-report?fid=MI0000485&sys=SDWIS,"Compliant (≥20% average replacement, 2021–2024)",Compliant
MI0000487,BAY HARBOR CLUB,40,,,,,,,,,,,,20,20,,45.07562881,-85.3581293,https://echo.epa.gov/detailed-facility-report?fid=MI0000487&sys=SDWIS," Inventory completed, no lead lines identified ",No lead lines
MI0040128,BAY SHORE ESTATES,208,,,,,,,,,,,,84,84,,45.35732999,-85.09405534,https://echo.epa.gov/detailed-facility-report?fid=MI0040128&sys=SDWIS," Inventory completed, no lead lines identified ",No lead lines
MI0000490,BAY VIEW ASSOCIATION,831,,,,,,,,,,,,482,482,,45.36764537,-84.93077498,https://echo.epa.gov/detailed-facility-report?fid=MI0000490&sys=SDWIS," Inventory completed, no lead lines identified ",No lead lines
MI0040190,BAYSIDE (DBA CONTINENTAL MHP),158,,,,,,,,,,,,74,74,,43.75828067,-83.42726845,https://echo.epa.gov/detailed-facility-report?fid=MI0040190&sys=SDWIS," Inventory completed, no lead lines identified ",No lead lines
MI0000501,BEACH HOUSE APARTMENTS,25,,,,,,,,,,,,17,,,,,,Inventory not received or data not complete,Inventory not received or incomplete
MI0000503,BEACON HOME AT COLBY,36,,,,,,,,,,,,1,1,,,,," Inventory completed, no lead lines identified ",No lead lines
MI0040554,BEAN CREEK RESORT,112,,,,,,,,,,,,73,73,,41.97914568,-84.30122568,https://echo.epa.gov/detailed-facility-report?fid=MI0040554&sys=SDWIS," Inventory completed, no lead lines identified ",No lead lines
MI0000505,BEAR CREEK ESTATES CONDOMINIUM,210,,,,,,,,,,,,35,35,,45.34594431,-84.96122625,https://echo.epa.gov/detailed-facility-report?fid=MI0000505&sys=SDWIS," Inventory completed, no lead lines identified ",No lead lines
MI0000508,BEAR CREEK VILLA,25,,,,,,,,,,,,21,21,,42.84338653,-85.24351209,https://echo.epa.gov/detailed-facility-report?fid=MI0000508&sys=SDWIS," Inventory completed, no lead lines identified ",No lead lines
MI0000510,"BEAR LAKE, VILLAGE OF",318,,1,,2,,3,,146,,146,2.0%,52,198,,44.42122821,-86.15437887,https://echo.epa.gov/detailed-facility-report?fid=MI0000510&sys=SDWIS," Not Compliant (<20% average replacement, 2021–2024) ",Not compliant
MI0000514,BEAVER CREEK RESORT,76,,,,,,,,,,,,40,40,,44.96411175,-84.70333331,https://echo.epa.gov/detailed-facility-report?fid=MI0000514&sys=SDWIS," Inventory completed, no lead lines identified ",No lead lines
MI0000513,BEAVER CREEKGRAYLING TOWNSHIPS UA,25,,,,,,,,,,,,3,3,,,,," Inventory completed, no lead lines identified ",No lead lines
MI0000517,BEAVER ROAD AREA WATER ASSOC.,829,,,,,,,,,,,,283,283,,,,," Inventory completed, no lead lines identified ",No lead lines
MI0000518,BEAVER TOWNSHIP,"1,211",,,,,,,,,,,,471,471,,,,," Inventory completed, no lead lines identified ",No lead lines
MI0000520,BEAVERTON,"1,071",,,,,,,,,361,361,0%,91,452,,43.881007,-84.49206397,https://echo.epa.gov/detailed-facility-report?fid=MI0000520&sys=SDWIS," Not Compliant (<20% average replacement, 2021–2024) ",Not compliant
MI0040080,BEDFORD HILLS,850,,,,,,,,,,,,339,339,,42.35901827,-85.26833907,https://echo.epa.gov/detailed-facility-report?fid=MI0040080&sys=SDWIS," Inventory completed, no lead lines identified ",No lead lines
MI0006435,BEDFORD MEADOWS,156,,,,,,,,,,,,7,7,,41.73984749,-83.65646459,https://echo.epa.gov/detailed-facility-report?fid=MI0006435&sys=SDWIS," Inventory completed, no lead lines identified ",No lead lines
MI0000540,BEECHER METROPOLITAN DISTRICT,"9,400",,,,,,,,,,,,"5,063","5,063",,43.09310938,-83.71315509,https://echo.epa.gov/detailed-facility-report?fid=MI0000540&sys=SDWIS," Inventory completed, no lead lines identified ",No lead lines
MI0006627,BEECHWOOD HILLS  TIMBER RIDGE,160,,,,,,,,,,,,64,64,,42.2480026,-86.35829659,https://echo.epa.gov/detailed-facility-report?fid=MI0006627&sys=SDWIS," Inventory completed, no lead lines identified ",No lead lines
MI0000560,BELDING,"5,769",84,94,91,189,265,723,,884,,884,45.0%,"1,001","1,885",,43.09839245,-85.22904784,https://echo.epa.gov/detailed-facility-report?fid=MI0000560&sys=SDWIS,"Compliant (≥20% average replacement, 2021–2024)",Compliant
MI0000570,"BELLAIRE, VILLAGE OF","1,086",16,16,6,4,,42,361,10,,371,10.2%,218,589,,44.97284782,-85.20770362,https://echo.epa.gov/detailed-facility-report?fid=MI0000570&sys=SDWIS," Not Compliant (<20% average replacement, 2021–2024) ",Not compliant
MI0000580,BELLEVILLE,"3,964",,,,,,, ,,,,,,,,42.20104314,-83.48355499,https://echo.epa.gov/detailed-facility-report?fid=MI0000580&sys=SDWIS,Inventory not received or data not complete,Inventory not received or incomplete
MI0040081,BELLEVUE MOBILE HOME PARK,190,,,,,,,,,,,,14,14,,42.42029698,-85.00675536,https://echo.epa.gov/detailed-facility-report?fid=MI0040081&sys=SDWIS," Inventory completed, no lead lines identified ",No lead lines
MI0000590,"BELLEVUE, VILLAGE OF","1,282",2,,1,2,3,8,3,7,,10,44.4%,524,534,,42.44487466,-85.01852963,https://echo.epa.gov/detailed-facility-report?fid=MI0000590&sys=SDWIS,"Compliant (≥20% average replacement, 2021–2024)",Compliant
MI0000605,BENTON CHARTER TOWNSHIP,"6,768",1,2,1,5,59,68,33,7,71,111,38.0%,"2,646","2,757",2024,42.13794017,-86.45282372,https://echo.epa.gov/detailed-facility-report?fid=MI0000605&sys=SDWIS," Not Compliant (<20% average replacement, 2021–2024) ",Not compliant
MI0000600,BENTON HARBOR,"9,103",191,3056,24,,,3271,,,,,100.0%,"4,531","4,531",2021,42.10811755,-86.44344045,https://echo.epa.gov/detailed-facility-report?fid=MI0000600&sys=SDWIS,100% replaced,100% replaced
MI0000610,BENZONIA VILLAGE OF,511,,,,5,1,6,,53,,53,10.2%,222,275,,44.61637301,-86.0984494,https://echo.epa.gov/detailed-facility-report?fid=MI0000610&sys=SDWIS," Not Compliant (<20% average replacement, 2021–2024) ",Not compliant
MI0000620,BERGLAND TOWNSHIP,210,,,,,,,88,,61,149,0%,,149,,46.59444617,-89.56864215,https://echo.epa.gov/detailed-facility-report?fid=MI0000620&sys=SDWIS," Not Compliant (<20% average replacement, 2021–2024) ",Not compliant
MI0000630,BERKLEY,"14,970",35,111,77,54,83,360,97,2,"5,684","5,783",5.9%,"1,125","6,908",,42.49740964,-83.1894626,https://echo.epa.gov/detailed-facility-report?fid=MI0000630&sys=SDWIS," Not Compliant (<20% average replacement, 2021–2024) ",Not compliant
MI0000635,BERLIN TOWNSHIP,"9,900",,,,,,,,,,,,"2,645","2,645",,41.9981441,-83.28245575,https://echo.epa.gov/detailed-facility-report?fid=MI0000635&sys=SDWIS," Inventory completed, no lead lines identified ",No lead lines
MI0000650,BERRIEN SPRINGS,"1,910",5,,17,12,46,80,132,377,,509,13.6%,271,780,,41.95475477,-86.33042848,https://echo.epa.gov/detailed-facility-report?fid=MI0000650&sys=SDWIS," Not Compliant (<20% average replacement, 2021–2024) ",Not compliant
MI0000660,BESSEMER,"1,619",17,25,48,20,,110,47,,46,93,54.2%,958,"1,051",,46.48148425,-90.06112078,https://echo.epa.gov/detailed-facility-report?fid=MI0000660&sys=SDWIS,"Compliant (≥20% average replacement, 2021–2024)",Compliant
MI0005600,BESSEMER TOWNSHIP,551,3,,,,,3,30,,242,272,1.1%,140,412,,46.46894168,-89.99618298,https://echo.epa.gov/detailed-facility-report?fid=MI0005600&sys=SDWIS," Not Compliant (<20% average replacement, 2021–2024) ",Not compliant
MI0000680,"BEULAH, VILLAGE OF",380,,,,,,,,,,,,308,308,2021,44.6417635,-86.07146137,https://echo.epa.gov/detailed-facility-report?fid=MI0000680&sys=SDWIS," Inventory completed, no lead lines identified ",No lead lines
MI0000690,BEVERLY HILLS,"10,451",,,,2,2,4,,2,125,127,3.1%,"3,916","4,043",2017,42.52182277,-83.24035257,https://echo.epa.gov/detailed-facility-report?fid=MI0000690&sys=SDWIS," Not Compliant (<20% average replacement, 2021–2024) ",Not compliant
MI0000705,BIG CREEK/MENTOR UTILITY AUTHORITY,622,,,,,,,,,,,,244,244,,44.6503102,-84.13502694,https://echo.epa.gov/detailed-facility-report?fid=MI0000705&sys=SDWIS," Inventory completed, no lead lines identified ",No lead lines
MI0000710,BIG RAPIDS,"10,403",49,,135,,6,190,,,64,64,74.8%,"2,535","2,599",,43.69135168,-85.48697236,https://echo.epa.gov/detailed-facility-report?fid=MI0000710&sys=SDWIS,"Compliant (≥20% average replacement, 2021–2024)",Compliant
MI0000715,BINGHAM FARMS,888,,,,,,,,,,,,369,369,,42.51727161,-83.27749055,https://echo.epa.gov/detailed-facility-report?fid=MI0000715&sys=SDWIS," Inventory completed, no lead lines identified ",No lead lines
MI0000716,BINGHAM TOWNSHIP,25,,,,,,,,,,,,56,,,42.92853646,-84.45925506,https://echo.epa.gov/detailed-facility-report?fid=MI0000716&sys=SDWIS,Inventory not received or data not complete,Inventory not received or incomplete
MI0000722,BIRCH RUN TOWNSHIP,"2,080",,,,,,,,,,,,906,906,,43.26020624,-83.7782678,https://echo.epa.gov/detailed-facility-report?fid=MI0000722&sys=SDWIS," Inventory completed, no lead lines identified ",No lead lines
MI0000720,"BIRCH RUN, VILLAGE OF","1,555",,,,,,,,,,,,459,459,,43.26752898,-83.79869862,https://echo.epa.gov/detailed-facility-report?fid=MI0000720&sys=SDWIS," Inventory completed, no lead lines identified ",No lead lines
MI0040082,BIRCHWOOD ESTATES,168,,,,,,,,,,,,67,67,,42.12802214,-85.2250604,https://echo.epa.gov/detailed-facility-report?fid=MI0040082&sys=SDWIS," Inventory completed, no lead lines identified ",No lead lines
MI0000725,BIRCHWOOD FARMS,"1,227",,,,,,,,,,,,434,434,,45.45319856,-85.04862816,https://echo.epa.gov/detailed-facility-report?fid=MI0000725&sys=SDWIS," Inventory completed, no lead lines identified ",No lead lines
MI0000730,BIRMINGHAM,"20,472",216,204,83,27,35,565,153,2,33,188,75.0%,"8,968","9,156",2019,42.54947187,-83.21697719,https://echo.epa.gov/detailed-facility-report?fid=MI0000730&sys=SDWIS,"Compliant (≥20% average replacement, 2021–2024)",Compliant
MI0000731,BISHOP LAKE APARTMENTS,,,,,,,,,,,,,1,1,,42.54737353,-83.85241888,https://echo.epa.gov/detailed-facility-report?fid=MI0000731&sys=SDWIS," Inventory completed, no lead lines identified ",No lead lines
MI0000733,BLACK BEAR FARMS,110,,,,,,,,,,,,101,101,,,,," Inventory completed, no lead lines identified ",No lead lines
MI0000740,BLACKMAN TOWNSHIP,"14,817",,,,,,,,,,,,"2,858","2,858",2020,42.2859678,-84.43829767,https://echo.epa.gov/detailed-facility-report?fid=MI0000740&sys=SDWIS," Inventory completed, no lead lines identified ",No lead lines
MI0000743,BLAIR TOWNSHIP,"2,788",,,,,,,,,,,,"1,583","1,583",,44.6774849,-85.66447538,https://echo.epa.gov/detailed-facility-report?fid=MI0000743&sys=SDWIS," Inventory completed, no lead lines identified ",No lead lines
MI0000750,BLISSFIELD,"3,276",10,23,11,7,14,65,718,,,718,8.3%,828,"1,546",,41.83217042,-83.86548822,https://echo.epa.gov/detailed-facility-report?fid=MI0000750&sys=SDWIS," Not Compliant (<20% average replacement, 2021–2024) ",Not compliant
MI0000775,BLOOMFIELD HILLS,"3,540",,,,,,,,,,,,"1,488","1,488",,42.57811073,-83.24566234,https://echo.epa.gov/detailed-facility-report?fid=MI0000775&sys=SDWIS," Inventory completed, no lead lines identified ",No lead lines
MI0000790,BLOOMFIELD TOWNSHIP,"41,070",9,,,,,9,,,,,100.0%,"15,150","15,150",,42.57393292,-83.28921806,https://echo.epa.gov/detailed-facility-report?fid=MI0000790&sys=SDWIS,100% replaced,100% replaced
MI0003925,BLUE LAKE RESIDENCES,212,,,,,,,,,,,,70,70,,43.37091191,-86.18599469,https://echo.epa.gov/detailed-facility-report?fid=MI0003925&sys=SDWIS," Inventory completed, no lead lines identified ",No lead lines
MI0000794,BLUE SPRUCE APARTMENTS,96,,,,,,,,,,,,6,6,,42.86615262,-84.91686448,https://echo.epa.gov/detailed-facility-report?fid=MI0000794&sys=SDWIS," Inventory completed, no lead lines identified ",No lead lines
MI0000795,"BLUE WATER VILLAGE WELL SITE, LLC",114,,,,,,,,,,,,12,12,,,,," Inventory completed, no lead lines identified ",No lead lines
MI0000798,BLUMFIELDREESE WATER AUTH.,"3,024",,,,,,,,,,,,"1,533","1,533",,43.45161389,-83.69466807,https://echo.epa.gov/detailed-facility-report?fid=MI0000798&sys=SDWIS," Inventory completed, no lead lines identified ",No lead lines
MI0000799,BOYNAIRE LANDOWNERS ASSOCIATION,54,,,,,,,,,,,,14,14,,45.50657042,-84.93220387,https://echo.epa.gov/detailed-facility-report?fid=MI0000799&sys=SDWIS," Inventory completed, no lead lines identified ",No lead lines
MI0000800,"BOYNE CITY, CITY OF","3,735",,,,,64,64,725,355,,"1,080",5.6%,491,"1,571",,45.21064351,-85.0065004,https://echo.epa.gov/detailed-facility-report?fid=MI0000800&sys=SDWIS," Not Compliant (<20% average replacement, 2021–2024) ",Not compliant
MI0000810,"BOYNE FALLS, VILLAGE OF",370,,,,,,,,,,,,160,160,,45.1697425,-84.91353027,https://echo.epa.gov/detailed-facility-report?fid=MI0000810&sys=SDWIS," Inventory completed, no lead lines identified ",No lead lines
MI0000815,BOYNE MOUNTAIN RESORT,950,,,,,,,,,,,,156,156,2023,45.18098348,-84.94409612,https://echo.epa.gov/detailed-facility-report?fid=MI0000815&sys=SDWIS," Inventory completed, no lead lines identified ",No lead lines
MI0000820,"BRECKENRIDGE, VILLAGE OF","1,339",,,,,,,,,12,12,0%,598,610,,43.40685589,-84.47745503,https://echo.epa.gov/detailed-facility-report?fid=MI0000820&sys=SDWIS," Not Compliant (<20% average replacement, 2021–2024) ",Not compliant
MI0001980,BREITUNG TWP.EAST KINGSFORD,"1,200",4,12,2,8,13,39,203,164,,367,9.6%,175,542,,45.82742452,-87.96193454,https://echo.epa.gov/detailed-facility-report?fid=MI0001980&sys=SDWIS," Not Compliant (<20% average replacement, 2021–2024) ",Not compliant
MI0002450,BRIARCLIFF HOMEOWNERS ASSN,483,,,,,,,,,,,,193,193,,42.53302665,-83.34720123,https://echo.epa.gov/detailed-facility-report?fid=MI0002450&sys=SDWIS," Inventory completed, no lead lines identified ",No lead lines
MI0000840,BRIDGEPORT TOWNSHIP,"10,104",,,,,,,,,,,,"4,111","4,111",,43.37038547,-83.87972325,https://echo.epa.gov/detailed-facility-report?fid=MI0000840&sys=SDWIS," Inventory completed, no lead lines identified ",No lead lines
MI0000850,BRIDGMAN,"2,291",,,,,,,,,,,,"1,131","1,131",,41.92652559,-86.56176202,https://echo.epa.gov/detailed-facility-report?fid=MI0000850&sys=SDWIS," Inventory completed, no lead lines identified ",No lead lines
MI0000860,"BRIGHTON, CITY OF","10,210",,,,,,,,,,,,"3,983","3,983",,42.54673836,-83.77551249,https://echo.epa.gov/detailed-facility-report?fid=MI0000860&sys=SDWIS," Inventory completed, no lead lines identified ",No lead lines
MI0000877,BRILEY TOWNSHIP,435,,,,,,,,,,,,163,163,2018,45.00647468,-84.15040814,https://echo.epa.gov/detailed-facility-report?fid=MI0000877&sys=SDWIS," Inventory completed, no lead lines identified ",No lead lines
MI0000890,BRITTON,611,,,,,,,,,,,,280,280,,41.98860462,-83.83099184,https://echo.epa.gov/detailed-facility-report?fid=MI0000890&sys=SDWIS," Inventory completed, no lead lines identified ",No lead lines
MI0000910,BRONSON,"2,421",,4,4,13,12,33,298,319,,617,5.1%,320,937,,41.87312999,-85.19421716,https://echo.epa.gov/detailed-facility-report?fid=MI0000910&sys=SDWIS," Not Compliant (<20% average replacement, 2021–2024) ",Not compliant
MI0000894,BROOK OF HOUGHTON LAKE,105,,,,,,,,,,,,1,1,,44.36294823,-84.70096561,https://echo.epa.gov/detailed-facility-report?fid=MI0000894&sys=SDWIS," Inventory completed, no lead lines identified ",No lead lines
MI0000045,BROOKDALE ADRIAN,115,,,,,,,,,,,,152,152,,,,," Inventory completed, no lead lines identified ",No lead lines
MI0000920,BROOKLYN,"1,313",,,,,,,,,,,,579,579,,42.10396457,-84.24188469,https://echo.epa.gov/detailed-facility-report?fid=MI0000920&sys=SDWIS," Inventory completed, no lead lines identified ",No lead lines
MI0040218,BROOMFIELD VALLEY,212,,,,,,,,,100,100,0%,27,127,,43.58917613,-84.97703984,https://echo.epa.gov/detailed-facility-report?fid=MI0040218&sys=SDWIS," Not Compliant (<20% average replacement, 2021–2024) ",Not compliant
MI0000930,BROWN CITY,"1,316",5,,1,,,6,4,29,,33,15.4%,465,498,,43.21188418,-82.98842243,https://echo.epa.gov/detailed-facility-report?fid=MI0000930&sys=SDWIS," Not Compliant (<20% average replacement, 2021–2024) ",Not compliant
MI0000940,BROWNSTOWN TOWNSHIP,"33,194",1,,1,8,11,21,7,6,,13,61.8%,"9,019","9,032",,42.14033888,-83.26435283,https://echo.epa.gov/detailed-facility-report?fid=MI0000940&sys=SDWIS,"Compliant (≥20% average replacement, 2021–2024)",Compliant
MI0000951,BRUCE TOWNSHIP,115,,,,,,,,,,,,143,143,,,,," Inventory completed, no lead lines identified ",No lead lines
MI0000960,BUCHANAN,"4,871",,1,2,10,85,98,132,426,,558,14.9%,"1,267","1,825",,41.8297245,-86.36436436,https://echo.epa.gov/detailed-facility-report?fid=MI0000960&sys=SDWIS," Not Compliant (<20% average replacement, 2021–2024) ",Not compliant
MI0000970,"BUCKLEY, VILLAGE OF",529,,,,,,,,,,,,202,202,,44.49448611,-85.67724577,https://echo.epa.gov/detailed-facility-report?fid=MI0000970&sys=SDWIS," Inventory completed, no lead lines identified ",No lead lines
MI0040051,BUENA VISTA ESTATES,79,,,,,,,,,,,,70,70,,44.72358029,-85.82372489,https://echo.epa.gov/detailed-facility-report?fid=MI0040051&sys=SDWIS," Inventory completed, no lead lines identified ",No lead lines
MI0000980,BUENA VISTA TOWNSHIP,"8,676",,,,,,,,,"1,637","1,637",0%,"1,133","2,770",,43.42327834,-83.89121064,https://echo.epa.gov/detailed-facility-report?fid=MI0000980&sys=SDWIS," Not Compliant (<20% average replacement, 2021–2024) ",Not compliant
MI0001000,BURR OAK,828,,,,,,,,,272,272,0%,74,346,,41.84709554,-85.32278922,https://echo.epa.gov/detailed-facility-report?fid=MI0001000&sys=SDWIS," Not Compliant (<20% average replacement, 2021–2024) ",Not compliant
MI0002780,BURT TOWNSHIP,411,,,,,,,,,,,,324,324,,46.66832991,-85.98168505,https://echo.epa.gov/detailed-facility-report?fid=MI0002780&sys=SDWIS," Inventory completed, no lead lines identified ",No lead lines
MI0001005,BURT VIEW ASSOCIATION,42,,,,,,,,,,,,5,5,,,,," Inventory completed, no lead lines identified ",No lead lines
MI0001008,BURTCHVILLE TOWNSHIP,"2,900",,,,,,,,,,,,"1,237","1,237",,43.122641,-82.49158224,https://echo.epa.gov/detailed-facility-report?fid=MI0001008&sys=SDWIS," Inventory completed, no lead lines identified ",No lead lines
MI0001010,"BURTON, CITY OF","21,000",,,,,,,,,,,,"6,751","6,751",,42.99620105,-83.62573487,https://echo.epa.gov/detailed-facility-report?fid=MI0001010&sys=SDWIS," Inventory completed, no lead lines identified ",No lead lines
MI0001015,BUTTERCUP SHORES,40,,,,,,,,,,,,26,70,,,,,Inventory not received or data not complete,Inventory not received or incomplete
MI0001018,BUTTERFIELD WOODS SUBDIVISION,65,,,,,,,,,,,,35,35,,,,," Inventory completed, no lead lines identified ",No lead lines
MI0001019,BYRAM RIDGE,40,,,,,,,,,,,,105,105,,42.79537369,-83.78813967,https://echo.epa.gov/detailed-facility-report?fid=MI0001019&sys=SDWIS," Inventory completed, no lead lines identified ",No lead lines
MI0001020,"BYRON, VILLAGE OF",581,,,,,,,,,187,187,0%,49,236,,42.83946926,-83.93295151,https://echo.epa.gov/detailed-facility-report?fid=MI0001020&sys=SDWIS," Not Compliant (<20% average replacement, 2021–2024) ",Not compliant
MI0001023,BYRONGAINES UTILITY AUTHORITY,"37,464",,,,,,,,,,,,"12,600","12,600",,42.82977359,-85.66722702,https://echo.epa.gov/detailed-facility-report?fid=MI0001023&sys=SDWIS," Inventory completed, no lead lines identified ",No lead lines
MI0040093,C & M MOBILE HOME COURT,70,,,,,,,,,,,,27,27,,41.77189293,-86.05079904,https://echo.epa.gov/detailed-facility-report?fid=MI0040093&sys=SDWIS," Inventory completed, no lead lines identified ",No lead lines
MI0040599,CADGEWITH FARMS,344,,,,,,,,,,,,226,226,,42.84745342,-84.57578538,https://echo.epa.gov/detailed-facility-report?fid=MI0040599&sys=SDWIS," Inventory completed, no lead lines identified ",No lead lines
MI0001030,"CADILLAC, CITY OF","10,355",,,,,1,1,,98,333,431,0.2%,"3,444","3,875",,44.2506439,-85.41206068,https://echo.epa.gov/detailed-facility-report?fid=MI0001030&sys=SDWIS," Not Compliant (<20% average replacement, 2021–2024) ",Not compliant
MI0001037,CALEDONIA ESTATES,160,,,,,,,,,,,,5,5,,,,," Inventory completed, no lead lines identified ",No lead lines
MI0001039,CALEDONIA TOWNSHIP,"4,573",,,,,,,,,,,,"1,553","1,553",,42.79961434,-85.50454035,https://echo.epa.gov/detailed-facility-report?fid=MI0001039&sys=SDWIS," Inventory completed, no lead lines identified ",No lead lines
MI0001040,CALUMET,726,,,,,,,,,15,15,0%,320,335,,47.24253013,-88.45188268,https://echo.epa.gov/detailed-facility-report?fid=MI0001040&sys=SDWIS," Not Compliant (<20% average replacement, 2021–2024) ",Not compliant
MI0001046,CALUMET TOWNSHIP,50,,,,,,,,,6,6,0%,59,65,,47.26997938,-88.52171687,https://echo.epa.gov/detailed-facility-report?fid=MI0001046&sys=SDWIS," Not Compliant (<20% average replacement, 2021–2024) ",Not compliant
MI0040068,CAMBRIDGE VILLAGE,80,,,,,,,,,,,,2,2,,41.93719969,-84.93608646,https://echo.epa.gov/detailed-facility-report?fid=MI0040068&sys=SDWIS," Inventory completed, no lead lines identified ",No lead lines
MI0001050,CAMDEN,512,,,,,,,,,,,,236,236,,41.75437436,-84.75671598,https://echo.epa.gov/detailed-facility-report?fid=MI0001050&sys=SDWIS," Inventory completed, no lead lines identified ",No lead lines
MI0001052,CAMP ARCADIA / LCA,400,,,,,,,,,,,,59,59,,44.49200494,-86.23563653,https://echo.epa.gov/detailed-facility-report?fid=MI0001052&sys=SDWIS," Inventory completed, no lead lines identified ",No lead lines
MI0040617,CANTERBURY ESTATES MHP,350,,,,,,,,,,,,290,290,,42.94893699,-85.06846587,https://echo.epa.gov/detailed-facility-report?fid=MI0040617&sys=SDWIS," Inventory completed, no lead lines identified ",No lead lines
MI0001100,CANTON TOWNSHIP,"99,627",,,,,2,2,,,,,100.0%,"26,626","26,626",,42.3095344,-83.48670087,https://echo.epa.gov/detailed-facility-report?fid=MI0001100&sys=SDWIS," Inventory completed, no lead lines identified ",No lead lines
MI0001110,"CAPAC, VILLAGE OF","1,775",,,,,2,2,,,,,100.0%,692,692,,43.0107052,-82.9278321,https://echo.epa.gov/detailed-facility-report?fid=MI0001110&sys=SDWIS," Inventory completed, no lead lines identified ",No lead lines
MI0040675,CAPITAL CROSSINGS,345,,,,,,,,,,,,299,299,,42.81130504,-84.79080153,https://echo.epa.gov/detailed-facility-report?fid=MI0040675&sys=SDWIS," Inventory completed, no lead lines identified ",No lead lines
MI0001125,CARNEYNADEAU WATER & SEWER AUTHORITY,200,,,,,,,,,,,,87,87,,45.59022042,-87.55476774,https://echo.epa.gov/detailed-facility-report?fid=MI0001125&sys=SDWIS," Inventory completed, no lead lines identified ",No lead lines
MI0040482,CARO RIVERVIEW MHP LLC,175,,,,,,,,,,,,98,98,,43.47376288,-83.40449476,https://echo.epa.gov/detailed-facility-report?fid=MI0040482&sys=SDWIS," Inventory completed, no lead lines identified ",No lead lines
MI0001130,"CARO, CITY OF","5,029",,2,6,7,6,21,29,8,75,112,15.8%,"2,083","2,195",,43.48968493,-83.40309751,https://echo.epa.gov/detailed-facility-report?fid=MI0001130&sys=SDWIS," Not Compliant (<20% average replacement, 2021–2024) ",Not compliant
MI0001160,CARROLLTON TOWNSHIP,"6,103",,,,,,,,3,736,739,0%,"1,677","2,416",,43.46680606,-83.94381805,https://echo.epa.gov/detailed-facility-report?fid=MI0001160&sys=SDWIS," Not Compliant (<20% average replacement, 2021–2024) ",Not compliant
MI0001170,CARSON CITY,"3,322",,,,1,34,35,33,85,213,331,9.6%,201,532,,43.1751996,-84.85026501,https://echo.epa.gov/detailed-facility-report?fid=MI0001170&sys=SDWIS," Not Compliant (<20% average replacement, 2021–2024) ",Not compliant
MI0001180,"CARSONVILLE, VILLAGE OF",527,,,,,,,,,,,,259,259,,43.426039,-82.67100169,https://echo.epa.gov/detailed-facility-report?fid=MI0001180&sys=SDWIS," Inventory completed, no lead lines identified ",No lead lines
MI0001195,CASEVILLE TOWNSHIP,"2,005",,,,,,,,,,,,"1,012","1,012",,43.94553112,-83.27170374,https://echo.epa.gov/detailed-facility-report?fid=MI0001195&sys=SDWIS," Inventory completed, no lead lines identified ",No lead lines
MI0001190,"CASEVILLE, CITY OF",777,,,,,,,,,,,,806,806,,43.91229445,-83.37098726,https://echo.epa.gov/detailed-facility-report?fid=MI0001190&sys=SDWIS," Inventory completed, no lead lines identified ",No lead lines
MI0001210,CASPIAN,997,1,,,,,1,,,,,100.0%,482,482,,46.06417135,-88.6323917,https://echo.epa.gov/detailed-facility-report?fid=MI0001210&sys=SDWIS,100% replaced,100% replaced
MI0001220,"CASS CITY, VILLAGE OF","2,428",20,19,6,5,11,61,36,248,,284,17.7%,714,998,,43.60141786,-83.17593829,https://echo.epa.gov/detailed-facility-report?fid=MI0001220&sys=SDWIS," Not Compliant (<20% average replacement, 2021–2024) ",Not compliant
MI0005234,CASS COUNTY WATER SYSTEM,"1,350",,,,,,,,,,,,830,830,,41.89758512,-85.92409936,https://echo.epa.gov/detailed-facility-report?fid=MI0005234&sys=SDWIS," Inventory completed, no lead lines identified ",No lead lines
MI0001230,CASS LAKESIDE SUBDIVISION,700,,,,,,,15,,48,63,0%,183,246,,42.61120503,-83.3860709,https://echo.epa.gov/detailed-facility-report?fid=MI0001230&sys=SDWIS," Not Compliant (<20% average replacement, 2021–2024) ",Not compliant
MI0001250,CASSOPOLIS,"1,815",2,,,,,2,274,286,1,561,0.4%,210,771,,41.90988314,-86.00526477,https://echo.epa.gov/detailed-facility-report?fid=MI0001250&sys=SDWIS," Not Compliant (<20% average replacement, 2021–2024) ",Not compliant
MI0001256,CECIL FARMS,200,,,,,,,,,,,,76,76,,,,," Inventory completed, no lead lines identified ",No lead lines
MI0001258,CEDAR CREEK TOWNSHIP,124,,,,,,,,,,,,53,53,,,,," Inventory completed, no lead lines identified ",No lead lines
MI0001252,CEDAR CREEK WATER COMPANY,325,,,,,,,,,,,,112,112,,44.80205601,-85.6533862,https://echo.epa.gov/detailed-facility-report?fid=MI0001252&sys=SDWIS," Inventory completed, no lead lines identified ",No lead lines
MI0001253,CEDAR HILL ASSISTED LIVING,45,,,,,,,,,,,,1,1,2021,,,," Inventory completed, no lead lines identified ",No lead lines
MI0001260,CEDAR SPRINGS,"3,520",,,,,,,,,,,,915,915,,43.20994948,-85.55523123,https://echo.epa.gov/detailed-facility-report?fid=MI0001260&sys=SDWIS," Inventory completed, no lead lines identified ",No lead lines
MI0040375,CEDARBROOK ESTATES,"1,728",,,,,,,,,,,,693,693,,42.61676272,-83.50696795,https://echo.epa.gov/detailed-facility-report?fid=MI0040375&sys=SDWIS," Inventory completed, no lead lines identified ",No lead lines
MI0040619,CEDARFIELD MOBILE HOME PARK,480,,,,,,,,,,,,209,209,,43.21204423,-85.60397123,https://echo.epa.gov/detailed-facility-report?fid=MI0040619&sys=SDWIS," Inventory completed, no lead lines identified ",No lead lines
MI0001290,"CENTER LINE, CITY OF","8,257",2,5,47,,2,56,298,9,"1,617","1,924",2.8%,880,"2,804",,42.8715791,-82.92269844,https://echo.epa.gov/detailed-facility-report?fid=MI0001290&sys=SDWIS," Not Compliant (<20% average replacement, 2021–2024) ",Not compliant
MI0001300,"CENTRAL LAKE, VILLAGE OF",952,2,5,2,2,8,19,16,65,131,212,8.2%,383,595,,45.06556302,-85.26065258,https://echo.epa.gov/detailed-facility-report?fid=MI0001300&sys=SDWIS," Not Compliant (<20% average replacement, 2021–2024) ",Not compliant
MI0001310,CENTREVILLE,"1,579",,,,,,,,,,,,499,499,,41.92321403,-85.52831889,https://echo.epa.gov/detailed-facility-report?fid=MI0001310&sys=SDWIS," Inventory completed, no lead lines identified ",No lead lines
MI0001325,CHALET DU PAW PAW CONDOMINIUMS,95,,,,,,,,,,,,19,19,,,,," Inventory completed, no lead lines identified ",No lead lines
MI0040125,CHALET ESTATES MOBILE HOME PARK,100,,,,,,,,,,,,40,40,,,,," Inventory completed, no lead lines identified ",No lead lines
MI0001327,CHARLESTON TOWNSHIP,30,,,,,,,,,,,,2,2,,,,," Inventory completed, no lead lines identified ",No lead lines
MI0001330,CHARLEVOIX,"3,124",1,5,9,19,13,47,76,164,979,"1,219",3.7%,965,"2,184",,45.31222949,-85.27168591,https://echo.epa.gov/detailed-facility-report?fid=MI0001330&sys=SDWIS," Not Compliant (<20% average replacement, 2021–2024) ",Not compliant
MI0001335,CHARLEVOIX TOWNSHIP,"1,700",,,,,,,,,84,84,0%,656,740,,45.31983391,-85.24224332,https://echo.epa.gov/detailed-facility-report?fid=MI0001335&sys=SDWIS," Not Compliant (<20% average replacement, 2021–2024) ",Not compliant
MI0001340,"CHARLOTTE, CITY OF","9,074",34,25,75,28,26,188,13,459,425,897,17.3%,"2,840","3,737",,42.56781233,-84.83461775,https://echo.epa.gov/detailed-facility-report?fid=MI0001340&sys=SDWIS," Not Compliant (<20% average replacement, 2021–2024) ",Not compliant
MI0000170,CHARTER TOWNSHIP OF ALPENA,"5,839",,,,,,,,,,,,"2,452","2,452",,45.32739001,-83.49147201,https://echo.epa.gov/detailed-facility-report?fid=MI0000170&sys=SDWIS," Inventory completed, no lead lines identified ",No lead lines
MI0001790,CHARTER TOWNSHIP OF DELTA,"21,856",,,,,,,,,,,,"9,471","9,471",,42.73958862,-84.65586331,https://echo.epa.gov/detailed-facility-report?fid=MI0001790&sys=SDWIS," Inventory completed, no lead lines identified ",No lead lines
MI0002745,CHARTER TOWNSHIP OF GRAND BLANC,"21,000",,,,,,,,,"2,216","2,216",0%,"5,225","7,441",,42.91971782,-83.63210915,https://echo.epa.gov/detailed-facility-report?fid=MI0002745&sys=SDWIS," Not Compliant (<20% average replacement, 2021–2024) ",Not compliant
MI0001350,CHASSELL TOWNSHIP,800,,,,,,,,,,,,355,355,,47.02833713,-88.52374942,https://echo.epa.gov/detailed-facility-report?fid=MI0001350&sys=SDWIS," Inventory completed, no lead lines identified ",No lead lines
MI0001353,CHATEAUX DU LAC CONDOMINIUMS,80,,,,,,,,,,,,40,40,2025,,,," Inventory completed, no lead lines identified ",No lead lines
MI0001355,CHATHAM,300,,,,,,,,,,,,139,139,,46.40693511,-86.86381251,https://echo.epa.gov/detailed-facility-report?fid=MI0001355&sys=SDWIS," Inventory completed, no lead lines identified ",No lead lines
MI0001360,"CHEBOYGAN, CITY OF","5,500",3,,,12,98,113,23,52,"1,547","1,622",6.5%,367,"1,989",,45.63903326,-84.47934407,https://echo.epa.gov/detailed-facility-report?fid=MI0001360&sys=SDWIS," Not Compliant (<20% average replacement, 2021–2024) ",Not compliant
MI0001370,CHELSEA,"5,474",1,,,,,1,,,16,16,5.9%,"2,028","2,044",,42.31104974,-84.02050551,https://echo.epa.gov/detailed-facility-report?fid=MI0001370&sys=SDWIS," Not Compliant (<20% average replacement, 2021–2024) ",Not compliant
MI0001371,CHERRY CREEK VILLAGE,50,,,,,,,,,,,,2,2,,,,," Inventory completed, no lead lines identified ",No lead lines
MI0001380,"CHESANING, VILLAGE OF","2,394",2,1,1,,,4,20,8,652,680,0.6%,437,"1,117",,43.18505522,-84.11817102,https://echo.epa.gov/detailed-facility-report?fid=MI0001380&sys=SDWIS," Not Compliant (<20% average replacement, 2021–2024) ",Not compliant
MI0001390,CHESTERFIELD TOWNSHIP,"41,650",,,,,,,,,,,,"16,461","16,461",,42.66991399,-82.81255224,https://echo.epa.gov/detailed-facility-report?fid=MI0001390&sys=SDWIS," Inventory completed, no lead lines identified ",No lead lines
MI0001397,CHESTNUT HILLS,813,,,,,,,,,,,,47,47,,,,," Inventory completed, no lead lines identified ",No lead lines
MI0001400,CHIKAMING TOWNSHIP,"2,825",,,,,,,,,,,,"3,030","3,030",,41.85747246,-86.65478632,https://echo.epa.gov/detailed-facility-report?fid=MI0001400&sys=SDWIS," Inventory completed, no lead lines identified ",No lead lines
MI0040376,CHILDS LAKE ESTATES MHC,"1,548",,,,,,,,,,,,619,619,,42.53468513,-83.56938654,https://echo.epa.gov/detailed-facility-report?fid=MI0040376&sys=SDWIS," Inventory completed, no lead lines identified ",No lead lines
MI0001416,CHOCOLAY BUNGALOWS,50,,,,,,,,,,,,18,,,46.4961939,-87.35606044,https://echo.epa.gov/detailed-facility-report?fid=MI0001416&sys=SDWIS,Inventory not received or data not complete,Inventory not received or incomplete
MI0040679,CIDERMILL CROSSINGS,"1,863",,,,,,,,,,,,621,621,,42.70676869,-83.77023148,https://echo.epa.gov/detailed-facility-report?fid=MI0040679&sys=SDWIS," Inventory completed, no lead lines identified ",No lead lines
MI0040339,CIRCLE DRIVE MOBILE HOME PARK,125,,,,,,,,50,,50,0%,,50,,,,," Not Compliant (<20% average replacement, 2021–2024) ",Not compliant
MI0001420,"CLARE, CITY OF","3,118",60,,7,,,67,,,,,100.0%,"1,071","1,071",2020,43.82216068,-84.76500279,https://echo.epa.gov/detailed-facility-report?fid=MI0001420&sys=SDWIS,100% replaced,100% replaced
MI0040377,CLARKSTON LAKE ESTATES,"1,245",,,,,,,,,,,,498,498,,42.79813074,-83.36780691,https://echo.epa.gov/detailed-facility-report?fid=MI0040377&sys=SDWIS," Inventory completed, no lead lines identified ",No lead lines
MI0001440,CLAWSON,"11,825",5,4,4,7,5,25,561,,165,726,3.3%,"4,281","5,007",,42.53670527,-83.15236588,https://echo.epa.gov/detailed-facility-report?fid=MI0001440&sys=SDWIS," Not Compliant (<20% average replacement, 2021–2024) ",Not compliant
MI0001450,CLAY TOWNSHIP,"9,866",,,,,,,,,,,,"4,917","4,917",,42.62956744,-82.58633797,https://echo.epa.gov/detailed-facility-report?fid=MI0001450&sys=SDWIS," Inventory completed, no lead lines identified ",No lead lines
MI0006901,"CLEAN WATER ASSOCIATION, INC.",22,,,,,,,,,,,,15,15,,,,," Inventory completed, no lead lines identified ",No lead lines
MI0001460,"CLIFFORD, VILLAGE OF",324,,,,,,,,,,,,125,125,,43.31813047,-83.17746023,https://echo.epa.gov/detailed-facility-report?fid=MI0001460&sys=SDWIS," Inventory completed, no lead lines identified ",No lead lines
MI0001465,CLIMAX,767,,,,,,,,,,,,284,284,,42.23722732,-85.33590575,https://echo.epa.gov/detailed-facility-report?fid=MI0001465&sys=SDWIS," Inventory completed, no lead lines identified ",No lead lines
MI0040248,CLIMAX MOBILE HOME PARK,198,,,,,,,,,,,,75,75,,42.23935384,-85.34918812,https://echo.epa.gov/detailed-facility-report?fid=MI0040248&sys=SDWIS," Inventory completed, no lead lines identified ",No lead lines
MI0001470,CLINTON,"2,336",5,8,44,30,19,106,159,30,44,233,31.3%,663,896,,42.07089942,-83.96569391,https://echo.epa.gov/detailed-facility-report?fid=MI0001470&sys=SDWIS,"Compliant (≥20% average replacement, 2021–2024)",Compliant
MI0040305,CLINTON ESTATES,68,,,,,,,,,,,,29,29,,42.08102994,-84.42259245,https://echo.epa.gov/detailed-facility-report?fid=MI0040305&sys=SDWIS," Inventory completed, no lead lines identified ",No lead lines
MI0001480,CLINTON TOWNSHIP,"100,513",1,,10,4,6,21,,,"1,724","1,724",1.2%,"25,723","27,447",,42.58559389,-82.91853419,https://echo.epa.gov/detailed-facility-report?fid=MI0001480&sys=SDWIS," Not Compliant (<20% average replacement, 2021–2024) ",Not compliant
MI0001490,"CLIO, CITY OF","2,515",,,,,,,,109,381,490,0%,330,820,,43.17585468,-83.74254325,https://echo.epa.gov/detailed-facility-report?fid=MI0001490&sys=SDWIS," Not Compliant (<20% average replacement, 2021–2024) ",Not compliant
MI0001493,CLYDE TOWNSHIP,"2,400",,,,,,,,,,,,794,794,,42.99924129,-82.52623425,https://echo.epa.gov/detailed-facility-report?fid=MI0001493&sys=SDWIS," Inventory completed, no lead lines identified ",No lead lines
MI0040225,COACHMANS COVE,388,,,,,,,,,,,,250,250,,42.15852501,-84.18150231,https://echo.epa.gov/detailed-facility-report?fid=MI0040225&sys=SDWIS," Inventory completed, no lead lines identified ",No lead lines
MI0001500,COLDWATER,"13,822",23,62,86,170,255,596,972,97,,"1,069",35.8%,"2,399","3,468",,41.94072055,-84.99929729,https://echo.epa.gov/detailed-facility-report?fid=MI0001500&sys=SDWIS,"Compliant (≥20% average replacement, 2021–2024)",Compliant
MI0001520,"COLEMAN, CITY OF","1,243",,,,4,1,5,,5,,5,50.0%,548,553,,43.75921113,-84.5891815,https://echo.epa.gov/detailed-facility-report?fid=MI0001520&sys=SDWIS,"Compliant (≥20% average replacement, 2021–2024)",Compliant
MI0040379,COLLEGE HEIGHTS MOBILE HOME PARK,405,,,,,,,,,,,,343,343,,42.6366861,-83.2172374,https://echo.epa.gov/detailed-facility-report?fid=MI0040379&sys=SDWIS," Inventory completed, no lead lines identified ",No lead lines
MI0001530,COLOMA,"1,555",6,3,3,,,12,,,,,100.0%,,,,42.18833924,-86.30342071,https://echo.epa.gov/detailed-facility-report?fid=MI0001530&sys=SDWIS,Inventory not received or data not complete,Inventory not received or incomplete
MI0001535,COLOMA TOWNSHIP,"1,425",,,,,,,,,,,,549,549,,,,," Inventory completed, no lead lines identified ",No lead lines
MI0001572,COLOMBIERE CENTER,60,,,,,,,,,,,,1,1,,,,," Inventory completed, no lead lines identified ",No lead lines
MI0001540,COLON,"1,190",,,,,,,,,,,,630,630,,41.95969764,-85.32183756,https://echo.epa.gov/detailed-facility-report?fid=MI0001540&sys=SDWIS," Inventory completed, no lead lines identified ",No lead lines
MI0040094,COLONIAL ACRES,265,,,,,,,,,,,,106,106,,41.79532697,-86.04841577,https://echo.epa.gov/detailed-facility-report?fid=MI0040094&sys=SDWIS," Inventory completed, no lead lines identified ",No lead lines
MI0001552,COLONY BAY CONDOMINIUMS,75,,,,,,,,,,,,25,25,2022,41.90211359,-85.95870673,https://echo.epa.gov/detailed-facility-report?fid=MI0001552&sys=SDWIS," Inventory completed, no lead lines identified ",No lead lines
MI0001565,COLUMBIA LAKES ESTATES,700,,,,,,,,,,,,299,299,,42.5770776,-84.50781105,https://echo.epa.gov/detailed-facility-report?fid=MI0001565&sys=SDWIS," Inventory completed, no lead lines identified ",No lead lines
MI0001570,"COLUMBIAVILLE, VILLAGE OF",787,,,,,,,,,,,,333,333,,43.1567747,-83.40619134,https://echo.epa.gov/detailed-facility-report?fid=MI0001570&sys=SDWIS," Inventory completed, no lead lines identified ",No lead lines
MI0001573,COMMERCE TOWNSHIP,"19,811",,,,,,,,,,,,"7,066","7,066",,42.57249098,-83.4851016,https://echo.epa.gov/detailed-facility-report?fid=MI0001573&sys=SDWIS," Inventory completed, no lead lines identified ",No lead lines
MI0001580,CONCORD,"1,050",,,,,,,,,,,,579,579,,42.17396826,-84.64320299,https://echo.epa.gov/detailed-facility-report?fid=MI0001580&sys=SDWIS," Inventory completed, no lead lines identified ",No lead lines
MI0001600,CONSTANTINE,"2,075",,,,,,,,,63,63,0%,499,620,,41.83597827,-85.66438647,https://echo.epa.gov/detailed-facility-report?fid=MI0001600&sys=SDWIS," Not Compliant (<20% average replacement, 2021–2024) ",Not compliant
MI0040126,CONWAY COMMONS MOBILE HOME PARK,165,,,,,,,,,,,,200,200,,45.4286445,-84.85261467,https://echo.epa.gov/detailed-facility-report?fid=MI0040126&sys=SDWIS," Inventory completed, no lead lines identified ",No lead lines
MI0001610,COOPERSVILLE,"4,519",5,14,33,18,7,77,,8,,8,90.6%,"1,442","1,450",,43.06581766,-85.94084467,https://echo.epa.gov/detailed-facility-report?fid=MI0001610&sys=SDWIS,"Compliant (≥20% average replacement, 2021–2024)",Compliant
MI0001620,COPPER CITY,210,,,,,,,,,,,,125,125,,47.29067368,-88.39101122,https://echo.epa.gov/detailed-facility-report?fid=MI0001620&sys=SDWIS," Inventory completed, no lead lines identified ",No lead lines
MI0001631,COPPER MEADOWS,128,,,,,,,,,,,,51,51,,42.39435496,-83.94992094,https://echo.epa.gov/detailed-facility-report?fid=MI0001631&sys=SDWIS," Inventory completed, no lead lines identified ",No lead lines
MI0060640,COREWELL HEALTHBERRIEN CNTR,90,,,,,,,,,,,,,,,,,,Inventory not received or data not complete,Inventory not received or incomplete
MI0070017,COREWELLHEALTH GR KALAMAZOO,165,,,,,,,,,,,,1,1,,,,," Inventory completed, no lead lines identified ",No lead lines
MI0001640,"CORUNNA, CITY OF","2,028",2,,,,,2,,,,,100.0%,885,885,,42.98573144,-84.1181542,https://echo.epa.gov/detailed-facility-report?fid=MI0001640&sys=SDWIS,100% replaced,100% replaced
MI0001643,COTTAGE COVE ON ELK LAKE,34,,,,,,,,,,,,29,29,,44.93080398,-85.36942568,https://echo.epa.gov/detailed-facility-report?fid=MI0001643&sys=SDWIS," Inventory completed, no lead lines identified ",No lead lines
MI0005349,"COTTAGE HS, LLC (PINEVIEW COTTAGE)",40,,,,,,,,,,,,1,1,2022,45.42374504,-84.89729956,https://echo.epa.gov/detailed-facility-report?fid=MI0005349&sys=SDWIS," Inventory completed, no lead lines identified ",No lead lines
MI0001650,COTTRELLVILLE TOWNSHIP,"3,200",,1,1,,,2,,,,,100.0%,798,798,,42.68718786,-82.52141056,https://echo.epa.gov/detailed-facility-report?fid=MI0001650&sys=SDWIS,100% replaced,100% replaced
MI0001655,COUNTRY ACRES HOMEOWNERS ASSOCIATION,180,,,,,,,,,,,,70,70,,41.92265904,-86.39396849,https://echo.epa.gov/detailed-facility-report?fid=MI0001655&sys=SDWIS," Inventory completed, no lead lines identified ",No lead lines
MI0040006,COUNTRY ACRES MOBILE HOME PARK,282,,,,,,,,,90,90,0%,23,113,,42.72438733,-86.12642204,https://echo.epa.gov/detailed-facility-report?fid=MI0040006&sys=SDWIS," Not Compliant (<20% average replacement, 2021–2024) ",Not compliant
MI0004045,COUNTRY EDEN  L.L.C.,60,,,,,,,,,,,,5,5,,44.75244736,-85.69949375,https://echo.epa.gov/detailed-facility-report?fid=MI0004045&sys=SDWIS," Inventory completed, no lead lines identified ",No lead lines
MI0040591,COUNTRY HILL PINES,174,,,,,,,,,,,,69,69,,43.26421506,-82.64662703,https://echo.epa.gov/detailed-facility-report?fid=MI0040591&sys=SDWIS," Inventory completed, no lead lines identified ",No lead lines
MI0040488,COUNTRY HOLIDAY ESTATES,148,,,,,,,,,,,,46,46,,42.30570306,-85.96686275,https://echo.epa.gov/detailed-facility-report?fid=MI0040488&sys=SDWIS," Inventory completed, no lead lines identified ",No lead lines
MI0001648,COUNTRY LIVING ADULT FOSTER CARE,56,,,,,,,,,,,,2,2,2018,41.84126079,-84.51632075,https://echo.epa.gov/detailed-facility-report?fid=MI0001648&sys=SDWIS," Inventory completed, no lead lines identified ",No lead lines
MI0001653,COUNTRY LOG APTS,35,,,,,,,,,,,,2,2,,46.01499063,-87.54987321,https://echo.epa.gov/detailed-facility-report?fid=MI0001653&sys=SDWIS," Inventory completed, no lead lines identified ",No lead lines
MI0040457,COUNTRY MANOR,87,,,,,,,,,,,,45,45,,42.91149017,-84.02653762,https://echo.epa.gov/detailed-facility-report?fid=MI0040457&sys=SDWIS," Inventory completed, no lead lines identified ",No lead lines
MI0040656,COUNTRY MANOR,190,,,,,,,,,,,,78,78,2024,43.73419574,-85.49682507,https://echo.epa.gov/detailed-facility-report?fid=MI0040656&sys=SDWIS," Inventory completed, no lead lines identified ",No lead lines
MI0040193,COUNTRY MANOR M H P,98,,,,,,,,,,,,41,41,,,,," Inventory completed, no lead lines identified ",No lead lines
MI0040004,COUNTRY MEADOWS,158,,,,,,,,,,,,63,63,,,,," Inventory completed, no lead lines identified ",No lead lines
MI0040220,COUNTRY PLACE,115,,,,,,,,,,,,66,66,,43.65796407,-84.76424907,https://echo.epa.gov/detailed-facility-report?fid=MI0040220&sys=SDWIS," Inventory completed, no lead lines identified ",No lead lines
MI0001649,COUNTRY PLACE SENIOR CARE CENTER,40,,,,,,,,,,,,1,1,,43.72606017,-85.30228818,https://echo.epa.gov/detailed-facility-report?fid=MI0001649&sys=SDWIS," Inventory completed, no lead lines identified ",No lead lines
MI0001657,COUNTRY VIEW MANOR CONDOS,62,,,,,,,,,,,,9,9,2022,42.21310522,-86.27750144,https://echo.epa.gov/detailed-facility-report?fid=MI0001657&sys=SDWIS," Inventory completed, no lead lines identified ",No lead lines
MI0040598,COUNTRY VIEW MOBILE HOME COMMUNITY,55,,,,,,,,,,,,43,43,,41.78716796,-85.82944042,https://echo.epa.gov/detailed-facility-report?fid=MI0040598&sys=SDWIS," Inventory completed, no lead lines identified ",No lead lines
MI0040306,COUNTRY VILLA ESTATES,125,,,,,,,,,58,58,0%,15,73,,42.07243576,-84.08361392,https://echo.epa.gov/detailed-facility-report?fid=MI0040306&sys=SDWIS," Not Compliant (<20% average replacement, 2021–2024) ",Not compliant
MI0040418,COUNTRY VILLAGE,78,,,,,,,,,,,,32,32,,42.82205714,-85.83498705,https://echo.epa.gov/detailed-facility-report?fid=MI0040418&sys=SDWIS," Inventory completed, no lead lines identified ",No lead lines
MI0001652,COUNTRY VILLAGE APARTMENTS,80,,,,,,,,,,,,41,41,,,,," Inventory completed, no lead lines identified ",No lead lines
MI0040070,COUNTRYSIDE MOBILE COURT,60,,,,,,,,,,,,2,2,,41.81250613,-84.97128676,https://echo.epa.gov/detailed-facility-report?fid=MI0040070&sys=SDWIS," Inventory completed, no lead lines identified ",No lead lines
MI0040450,COUNTRYSIDE VILLAGE,490,,,,,,,,,,,,360,360,,42.80323956,-84.2898191,https://echo.epa.gov/detailed-facility-report?fid=MI0040450&sys=SDWIS," Inventory completed, no lead lines identified ",No lead lines
MI0040649,COVENTRY WOODS MHC,823,,,,,,,,,,,,195,195,2019,42.4355875,-83.80283929,https://echo.epa.gov/detailed-facility-report?fid=MI0040649&sys=SDWIS," Inventory completed, no lead lines identified ",No lead lines
MI0001661,COVERT TOWNSHIP,"1,755",,,,,,,,,,,,826,826,,42.2949131,-86.2614037,https://echo.epa.gov/detailed-facility-report?fid=MI0001661&sys=SDWIS," Inventory completed, no lead lines identified ",No lead lines
MI0040382,CRANBERRY LAKE MHC,820,,,,,,,,,,,,326,326,,42.65906805,-83.47681512,https://echo.epa.gov/detailed-facility-report?fid=MI0040382&sys=SDWIS," Inventory completed, no lead lines identified ",No lead lines
MI0002274,CREEKSIDE AT FENTON HEIGHTS,48,,,,,,,,,,,,2,2,,,,," Inventory completed, no lead lines identified ",No lead lines
MI0040119,CREEKSIDE MEADOWS OF ST. JOHNS,387,,,,,,,,,,,,210,210,,42.97406443,-84.56466542,https://echo.epa.gov/detailed-facility-report?fid=MI0040119&sys=SDWIS," Inventory completed, no lead lines identified ",No lead lines
MI0040183,CREEKSIDE MHC,70,,,,,,,,,,,,,,,41.95305618,-84.63192236,https://echo.epa.gov/detailed-facility-report?fid=MI0040183&sys=SDWIS,Inventory not received or data not complete,Inventory not received or incomplete
MI0040425,CRICKLEWOOD COURT,155,,,,,,,,,,,,63,63,,,,," Inventory completed, no lead lines identified ",No lead lines
MI0040417,CROCKERY MOBILE HOME PARK,413,,,,,,,,,,,,165,165,,43.09518857,-86.13016637,https://echo.epa.gov/detailed-facility-report?fid=MI0040417&sys=SDWIS," Inventory completed, no lead lines identified ",No lead lines
MI0001664,CROCKERY TOWNSHIP,"1,847",,,,,,,,,508,508,0%,284,792,,43.08150991,-86.07291217,https://echo.epa.gov/detailed-facility-report?fid=MI0001664&sys=SDWIS," Not Compliant (<20% average replacement, 2021–2024) ",Not compliant
MI0001666,CROOKED RIVER APARTMENTS,32,,,,,,,,,,,,1,1,,45.43355903,-84.79421478,https://echo.epa.gov/detailed-facility-report?fid=MI0001666&sys=SDWIS," Inventory completed, no lead lines identified ",No lead lines
MI0001067,CROSSROADS FOR YOUTH,120,,,,,,,,,,,,4,4,,,,," Inventory completed, no lead lines identified ",No lead lines
MI0001690,"CROSWELL, CITY OF","2,447",,,,9,465,474,5,,,5,99.0%,307,312,,43.27496914,-82.61996391,https://echo.epa.gov/detailed-facility-report?fid=MI0001690&sys=SDWIS,"Compliant (≥20% average replacement, 2021–2024)",Compliant
MI0040357,CRYSTAL DOWNS MOBILE VILLAGE,260,,,,,,,,,,,,104,104,,43.39896041,-86.30699154,https://echo.epa.gov/detailed-facility-report?fid=MI0040357&sys=SDWIS," Inventory completed, no lead lines identified ",No lead lines
MI0001700,CRYSTAL FALLS,"1,922",,,,,,,,38,,38,0%,852,890,,46.09954301,-88.33401053,https://echo.epa.gov/detailed-facility-report?fid=MI0001700&sys=SDWIS," Not Compliant (<20% average replacement, 2021–2024) ",Not compliant
MI0003880,CRYSTAL FALLS TOWNSHIP  LIND,990,,,,2,1,3,21,,217,238,1.2%,440,678,,46.08515961,-88.41904047,https://echo.epa.gov/detailed-facility-report?fid=MI0003880&sys=SDWIS," Not Compliant (<20% average replacement, 2021–2024) ",Not compliant
MI0006630,CRYSTAL FALLS TWP  TOWNLINE,350,,,,2,1,3,21,,217,238,1.2%,440,678,,46.2031089,-88.43833649,https://echo.epa.gov/detailed-facility-report?fid=MI0006630&sys=SDWIS," Not Compliant (<20% average replacement, 2021–2024) ",Not compliant
MI0001715,CRYSTAL HIGHLANDS SUBDIVISION,50,,,,,,,,,,,,32,32,,44.67342685,-86.15586158,https://echo.epa.gov/detailed-facility-report?fid=MI0001715&sys=SDWIS," Inventory completed, no lead lines identified ",No lead lines
MI0001716,CRYSTAL MOUNTAIN RESORT & SPA,700,,,,,,,,,,,,298,298,,44.50790422,-85.97415526,https://echo.epa.gov/detailed-facility-report?fid=MI0001716&sys=SDWIS," Inventory completed, no lead lines identified ",No lead lines
MI0001694,CRYSTAL RIDGE CONDOMINIUM ASSOCIATION,80,,,,,,,,,,,,40,40,,,,," Inventory completed, no lead lines identified ",No lead lines
MI0061700,CURRY HOUSE ASSISTED LIVING CENTER,76,,,,,,,,,,,,1,1,,44.03699011,-85.68404262,https://echo.epa.gov/detailed-facility-report?fid=MI0061700&sys=SDWIS," Inventory completed, no lead lines identified ",No lead lines
MI0001718,"DANSVILLE, VILLAGE OF",125,,,,,,,,,,,,69,69,,42.55315682,-84.29980943,https://echo.epa.gov/detailed-facility-report?fid=MI0001718&sys=SDWIS," Inventory completed, no lead lines identified ",No lead lines
MI0001720,"DAVISON, CITY OF","5,000",,,,,,,,,,,,"1,738","1,738",,43.03179406,-83.51862373,https://echo.epa.gov/detailed-facility-report?fid=MI0001720&sys=SDWIS," Inventory completed, no lead lines identified ",No lead lines
MI0001730,DEARBORN,"109,976",328,,389,358,556,1631,"7,306",,"2,420","9,726",14.4%,"22,998","32,724",,42.31372265,-83.21663898,https://echo.epa.gov/detailed-facility-report?fid=MI0001730&sys=SDWIS," Not Compliant (<20% average replacement, 2021–2024) ",Not compliant
MI0001740,DEARBORN HEIGHTS,"57,774",,5,9,,64,78, ,,,,100.0%,,,2020,42.31640299,-83.27687479,https://echo.epa.gov/detailed-facility-report?fid=MI0001740&sys=SDWIS,Inventory not received or data not complete,Inventory not received or incomplete
MI0001750,DECATUR,"1,838",6,5,5,57,19,92,285,178,,463,16.6%,229,692,,42.11015301,-85.97450184,https://echo.epa.gov/detailed-facility-report?fid=MI0001750&sys=SDWIS," Not Compliant (<20% average replacement, 2021–2024) ",Not compliant
MI0001760,"DECKERVILLE, VILLAGE OF",830,,,,,,,,,,,,408,408,,43.52692886,-82.74104919,https://echo.epa.gov/detailed-facility-report?fid=MI0001760&sys=SDWIS," Inventory completed, no lead lines identified ",No lead lines
MI0001765,DEEPWATER POINTE ASSOCIATION,65,,,,,,,,,,,,13,13,,44.79515368,-85.49594862,https://echo.epa.gov/detailed-facility-report?fid=MI0001765&sys=SDWIS," Inventory completed, no lead lines identified ",No lead lines
MI0001774,DEER PARK CONDOMINIUMS,30,,,,,,,,,,,,5,5,,42.81338661,-83.01291836,https://echo.epa.gov/detailed-facility-report?fid=MI0001774&sys=SDWIS," Inventory completed, no lead lines identified ",No lead lines
MI0001770,DEERFIELD,943,,,,3,2,5,,37,216,253,1.9%,154,407,,41.89214362,-83.77792592,https://echo.epa.gov/detailed-facility-report?fid=MI0001770&sys=SDWIS," Not Compliant (<20% average replacement, 2021–2024) ",Not compliant
MI0040644,DEERFIELD PINES MOBILE HOME PARK,308,,,,,,,,,,,,123,123,,43.18927741,-83.30507696,https://echo.epa.gov/detailed-facility-report?fid=MI0040644&sys=SDWIS," Inventory completed, no lead lines identified ",No lead lines
MI0001768,DEERFIELD VILLA,72,,,,,,,,,,,,8,8,,44.29421293,-84.63301457,https://echo.epa.gov/detailed-facility-report?fid=MI0001768&sys=SDWIS," Inventory completed, no lead lines identified ",No lead lines
MI0001773,DEERWOOD SUBDIVISION,"1,824",,,,,,,,1,"3,492","3,493",0%,"2,952","6,445",,42.75098381,-83.41601946,https://echo.epa.gov/detailed-facility-report?fid=MI0001773&sys=SDWIS," Not Compliant (<20% average replacement, 2021–2024) ",Not compliant
MI0001795,DETOUR,325,,,,,,,,,,,,290,290,,45.99335175,-83.90304399,https://echo.epa.gov/detailed-facility-report?fid=MI0001795&sys=SDWIS," Inventory completed, no lead lines identified ",No lead lines
MI0001800,DETROIT CITY OF,"633,218",204,2122,2827,7468,4680,17301,"80,595",120,"39,073","119,788",12.6%,"131,743","251,531",,42.38713682,-83.1077142,https://echo.epa.gov/detailed-facility-report?fid=MI0001800&sys=SDWIS," Not Compliant (<20% average replacement, 2021–2024) ",Not compliant
MI0001798,DETROIT METROPOLITAN WAYNE CO. AIRPORT,"6,000",,,,,,,,,,,,47,47,,,,," Inventory completed, no lead lines identified ",No lead lines
MI0001810,DEXTER,"4,500",,7,2,1,6,16,,42,328,370,4.1%,"1,492","1,862",,42.33175616,-83.88276255,https://echo.epa.gov/detailed-facility-report?fid=MI0001810&sys=SDWIS," Not Compliant (<20% average replacement, 2021–2024) ",Not compliant
MI0063477,DIMONDALE HEALTH CARE CENTER,177,,,,,,,,,,,,108,108,,,,," Inventory completed, no lead lines identified ",No lead lines
MI0040008,DOGWOOD MANOR MOBILE HOME PARK,190,,,,,,,,,,,,76,76,,42.60706774,-86.06623295,https://echo.epa.gov/detailed-facility-report?fid=MI0040008&sys=SDWIS," Inventory completed, no lead lines identified ",No lead lines
MI0001845,DORRLEIGHTON,350,,,,,,,,,,,,232,232,,42.73071013,-85.71523006,https://echo.epa.gov/detailed-facility-report?fid=MI0001845&sys=SDWIS," Inventory completed, no lead lines identified ",No lead lines
MI0001860,DOWAGIAC,"6,350",3,3,6,47,26,85,"1,068",388,,"1,456",5.5%,"1,493","2,949",2024,41.98127476,-86.10617235,https://echo.epa.gov/detailed-facility-report?fid=MI0001860&sys=SDWIS," Not Compliant (<20% average replacement, 2021–2024) ",Not compliant
MI0001865,DRUMMOND ISLAND APARTMENTS,50,,,,,,,,,,,,2,2,,46.01040514,-83.75443764,https://echo.epa.gov/detailed-facility-report?fid=MI0001865&sys=SDWIS," Inventory completed, no lead lines identified ",No lead lines
MI0001870,"DRYDEN, VILLAGE OF","1,034",,,,,,,,,248,248,0%,79,327,,42.94558943,-83.12399111,https://echo.epa.gov/detailed-facility-report?fid=MI0001870&sys=SDWIS," Not Compliant (<20% average replacement, 2021–2024) ",Not compliant
MI0040563,DUMONT CREEK ESTATES,188,,,,,,,,,,,,75,75,,42.55887032,-85.88981675,https://echo.epa.gov/detailed-facility-report?fid=MI0040563&sys=SDWIS," Inventory completed, no lead lines identified ",No lead lines
MI0001880,DUNDEE,"5,400",1,2,,6,3,12,5,170,,175,6.4%,"1,726","1,901",,41.9583199,-83.66414684,https://echo.epa.gov/detailed-facility-report?fid=MI0001880&sys=SDWIS," Not Compliant (<20% average replacement, 2021–2024) ",Not compliant
MI0040045,DUNLOPS ORCHARD PARK,65,,,,,,,,,,,,22,22,,42.49284881,-85.54349292,https://echo.epa.gov/detailed-facility-report?fid=MI0040045&sys=SDWIS," Inventory completed, no lead lines identified ",No lead lines
MI0001905,DUNRENTIN HEIGHTS SUBDIVISION,81,,,,,,,,,,,,29,29,,,,," Inventory completed, no lead lines identified ",No lead lines
MI0001900,"DURAND, CITY OF","3,446",27,6,2,11,12,58,302,3,,305,16.0%,"1,219","1,524",,42.91436035,-83.99236287,https://echo.epa.gov/detailed-facility-report?fid=MI0001900&sys=SDWIS," Not Compliant (<20% average replacement, 2021–2024) ",Not compliant
MI0040116,DUTCH HILLS,620,,,,,,,,,,,,276,,,42.77857071,-84.4022484,https://echo.epa.gov/detailed-facility-report?fid=MI0040116&sys=SDWIS,Inventory not received or data not complete,Inventory not received or incomplete
MI0001915,DUVERNAY PARK APARTMENTS,68,,,,,,,,,,,,24,24,,44.03848317,-85.68391512,https://echo.epa.gov/detailed-facility-report?fid=MI0001915&sys=SDWIS," Inventory completed, no lead lines identified ",No lead lines
MI0001920,EAGLE HARBOR TOWNSHIP,300,,,,,,,,,,,,145,145,,47.43122469,-88.12400341,https://echo.epa.gov/detailed-facility-report?fid=MI0001920&sys=SDWIS," Inventory completed, no lead lines identified ",No lead lines
MI0001925,EAGLE LAKE CONDOMINIUMS,26,,,,,,,,,16,16,0%,16,,,41.80127547,-85.9924472,https://echo.epa.gov/detailed-facility-report?fid=MI0001925&sys=SDWIS,Inventory not received or data not complete,Inventory not received or incomplete
MI0040103,EAGLE LAKE ESTATES MHP,230,,,,,,,,,,,,92,92,,41.80898615,-86.03207246,https://echo.epa.gov/detailed-facility-report?fid=MI0040103&sys=SDWIS," Inventory completed, no lead lines identified ",No lead lines
MI0007285,EAGLE POINTE CONDOMINIUMS,90,,,,,,,,,,,,6,6,,,,," Inventory completed, no lead lines identified ",No lead lines
MI0001932,"EAGLE VILLAGE, INC.",84,,,,,,,,,,,,7,7,,,,," Inventory completed, no lead lines identified ",No lead lines
MI0040615,EAGLES LANDING ESTATES,174,,,,,,,,,,,,168,168,,43.26398176,-82.71782965,https://echo.epa.gov/detailed-facility-report?fid=MI0040615&sys=SDWIS," Inventory completed, no lead lines identified ",No lead lines
MI0001935,EAST BAY CHARTER TOWNSHIP,"3,720",,,,,,,,,,,,"1,700","1,700",,44.72745437,-85.54751708,https://echo.epa.gov/detailed-facility-report?fid=MI0001935&sys=SDWIS," Inventory completed, no lead lines identified ",No lead lines
MI0040607,EAST BAY MOBILE HOME PARK,155,,,,,,,,,,,,20,20,,,,," Inventory completed, no lead lines identified ",No lead lines
MI0001960,EAST GRAND RAPIDS,"11,637",65,47,86,180,235,613,375,58,"1,285","1,718",26.3%,"2,201","3,919",,42.9552854,-85.58176872,https://echo.epa.gov/detailed-facility-report?fid=MI0001960&sys=SDWIS," Not Compliant (<20% average replacement, 2021–2024) ",Not compliant
MI0001970,"EAST JORDAN, CITY OF","2,215",9,,9,,,18,,200,,200,8.3%,861,"1,061",,45.16079896,-85.13007622,https://echo.epa.gov/detailed-facility-report?fid=MI0001970&sys=SDWIS," Not Compliant (<20% average replacement, 2021–2024) ",Not compliant
MI0001995,EAST LANSING MERIDIAN WATER AUTHORITY,,,,,,,,,,,,,,,,,,,No service lines; wholesale only,No service lines; wholesale only
MI0001990,"EAST LANSING, CITY OF","33,000",38,35,67,30,27,197,105,63,"4,971","5,139",3.7%,"3,228","8,367",,42.74725833,-84.48143804,https://echo.epa.gov/detailed-facility-report?fid=MI0001990&sys=SDWIS," Not Compliant (<20% average replacement, 2021–2024) ",Not compliant
MI0002010,"EAST TAWAS, CITY OF","2,808",,,,,,,,,,,,"1,395","1,395",,44.28915542,-83.47601938,https://echo.epa.gov/detailed-facility-report?fid=MI0002010&sys=SDWIS," Inventory completed, no lead lines identified ",No lead lines
MI0002292,EASTERN MICHIGAN NAZARENE DISTRICT CENTE,250,,,,,,, ,,,,,,,,42.70905907,-83.97731743,https://echo.epa.gov/detailed-facility-report?fid=MI0002292&sys=SDWIS,Inventory not received or data not complete,Inventory not received or incomplete
MI0001950,"EASTPOINTE, CITY OF","32,442",182,50,513,1084,158,1987,779,,,779,71.8%,"12,725","13,504",2023,42.46589058,-82.94452315,https://echo.epa.gov/detailed-facility-report?fid=MI0001950&sys=SDWIS,"Compliant (≥20% average replacement, 2021–2024)",Compliant
MI0002025,EATON GREEN ESTATES SUBDIVISION,363,,,,,,,,,,,,147,147,,42.54299851,-84.79259434,https://echo.epa.gov/detailed-facility-report?fid=MI0002025&sys=SDWIS," Inventory completed, no lead lines identified ",No lead lines
MI0002020,"EATON RAPIDS, CITY OF","5,340",7,6,7,7,6,33,"1,469",,446,"1,915",1.7%,451,"2,366",,42.50693635,-84.65032519,https://echo.epa.gov/detailed-facility-report?fid=MI0002020&sys=SDWIS," Not Compliant (<20% average replacement, 2021–2024) ",Not compliant
MI0002030,EAU CLAIRE,610,,,,,,,,,,,,262,262,2019,41.98602566,-86.30360483,https://echo.epa.gov/detailed-facility-report?fid=MI0002030&sys=SDWIS," Inventory completed, no lead lines identified ",No lead lines
MI0002050,ECORSE,"9,512",54,196,166,,142,558,"1,815",3,403,"2,221",20.1%,"1,528","3,749",,42.26063814,-83.15129948,https://echo.epa.gov/detailed-facility-report?fid=MI0002050&sys=SDWIS," Not Compliant (<20% average replacement, 2021–2024) ",Not compliant
MI0002055,EDGE 72,288,,,,,,,,,,,,5,5,,,,," Inventory completed, no lead lines identified ",No lead lines
MI0040359,EDGEWOOD MOBILE HOME PARK,162,,,,,,,,,,,,46,46,,43.39374583,-86.30254992,https://echo.epa.gov/detailed-facility-report?fid=MI0040359&sys=SDWIS," Inventory completed, no lead lines identified ",No lead lines
MI0002070,EDMORE,"1,256",1,,,1,,2,1,4,418,423,0.5%,157,580,,43.4048908,-85.04180267,https://echo.epa.gov/detailed-facility-report?fid=MI0002070&sys=SDWIS," Not Compliant (<20% average replacement, 2021–2024) ",Not compliant
MI0002077,EDWARDSBURG,"1,260",,,,,,,,,,,,556,556,,41.7917824,-86.09074876,https://echo.epa.gov/detailed-facility-report?fid=MI0002077&sys=SDWIS," Inventory completed, no lead lines identified ",No lead lines
MI0040600,EGELCRAFT MOBILE HOME PARK,"1,125",,,,,,,,,,,,455,455,,43.21649689,-86.14352089,https://echo.epa.gov/detailed-facility-report?fid=MI0040600&sys=SDWIS," Inventory completed, no lead lines identified ",No lead lines
MI0002079,EL RANCHO ALANSON,274,,,,,,,,,,,,139,139,2023,,,," Inventory completed, no lead lines identified ",No lead lines
MI0002080,"ELBERTA, VILLAGE OF",372,,,36,58,1,95,,35,44,79,54.6%,154,233,,44.61979619,-86.23156196,https://echo.epa.gov/detailed-facility-report?fid=MI0002080&sys=SDWIS,"Compliant (≥20% average replacement, 2021–2024)",Compliant
MI0002090,"ELK RAPIDS, VILLAGE OF","1,642",,,,,,,,10,,10,0%,"1,111","1,121",,44.90075491,-85.40225742,https://echo.epa.gov/detailed-facility-report?fid=MI0002090&sys=SDWIS," Not Compliant (<20% average replacement, 2021–2024) ",Not compliant
MI0002100,"ELKTON, VILLAGE OF",808,,,,,,,,1,,1,0%,375,376,,43.80970885,-83.159951,https://echo.epa.gov/detailed-facility-report?fid=MI0002100&sys=SDWIS," Not Compliant (<20% average replacement, 2021–2024) ",Not compliant
MI0002110,"ELLSWORTH, VILLAGE OF",349,,,,,,,,,,,,235,235,,45.1678388,-85.24344295,https://echo.epa.gov/detailed-facility-report?fid=MI0002110&sys=SDWIS," Inventory completed, no lead lines identified ",No lead lines
MI0002115,ELMWOOD TOWNSHIP,255,,,,,,,,,,,,70,70,,44.79551986,-85.64920196,https://echo.epa.gov/detailed-facility-report?fid=MI0002115&sys=SDWIS," Inventory completed, no lead lines identified ",No lead lines
MI0006625,ELMWOOD TWP  TIMBERLEE,510,,,,,,,,,,,,127,127,,44.82532306,-85.70044325,https://echo.epa.gov/detailed-facility-report?fid=MI0006625&sys=SDWIS," Inventory completed, no lead lines identified ",No lead lines
MI0002120,"ELSIE, VILLAGE OF",966,,,,,,,,,49,49,0%,383,432,,43.0896197,-84.38950868,https://echo.epa.gov/detailed-facility-report?fid=MI0002120&sys=SDWIS," Not Compliant (<20% average replacement, 2021–2024) ",Not compliant
MI0001820,ELY TOWNSHIPDIORITE,168,,,,,,,,,,,,67,67,,46.47835764,-87.89962829,https://echo.epa.gov/detailed-facility-report?fid=MI0001820&sys=SDWIS," Inventory completed, no lead lines identified ",No lead lines
MI0002860,ELY TOWNSHIPGREENWOOD,266,,,,,,,,,,,,109,109,,46.48518934,-87.75666325,https://echo.epa.gov/detailed-facility-report?fid=MI0002860&sys=SDWIS," Inventory completed, no lead lines identified ",No lead lines
MI0002124,EMERY PINES,50,,,,,,,,,,,,2,2,,,,," Inventory completed, no lead lines identified ",No lead lines
MI0002125,EMMETT TOWNSHIP,"2,550",39,,,,,39,,7,,7,84.8%,907,914,,42.29650688,-85.15530926,https://echo.epa.gov/detailed-facility-report?fid=MI0002125&sys=SDWIS,"Compliant (≥20% average replacement, 2021–2024)",Compliant
MI0002130,"EMPIRE, VILLAGE OF",400,,,,,,,,,92,92,0%,286,378,,44.81437492,-86.05786451,https://echo.epa.gov/detailed-facility-report?fid=MI0002130&sys=SDWIS," Not Compliant (<20% average replacement, 2021–2024) ",Not compliant
MI0002170,ESCANABA,"13,659",87,240,240,655,701,1923,"3,572",322,,"3,894",33.1%,"1,486","5,380",,45.74500176,-87.07603121,https://echo.epa.gov/detailed-facility-report?fid=MI0002170&sys=SDWIS,"Compliant (≥20% average replacement, 2021–2024)",Compliant
MI0002180,"ESSEXVILLE, CITY OF","3,478",103,65,74,,,242,,,125,125,65.9%,"1,415","1,540",2020,43.61400188,-83.83875357,https://echo.epa.gov/detailed-facility-report?fid=MI0002180&sys=SDWIS,"Compliant (≥20% average replacement, 2021–2024)",Compliant
MI0002190,"EVART, CITY OF","1,742",42,,2,,14,58,156,286,,442,11.6%,232,674,,43.89418915,-85.28916946,https://echo.epa.gov/detailed-facility-report?fid=MI0002190&sys=SDWIS," Not Compliant (<20% average replacement, 2021–2024) ",Not compliant
MI0040484,EVERGREEN ESTATES,145,,,,,,,,,,,,78,78,,43.46309991,-83.43398164,https://echo.epa.gov/detailed-facility-report?fid=MI0040484&sys=SDWIS," Inventory completed, no lead lines identified ",No lead lines
MI0040206,EVERGREEN MOBILE HOME COMMUNITY,272,,,,,,,,,,,,109,109,,43.01735961,-85.07413681,https://echo.epa.gov/detailed-facility-report?fid=MI0040206&sys=SDWIS," Inventory completed, no lead lines identified ",No lead lines
MI0040250,EVERGREEN PARK,190,,,,,,,,,,,,76,76,,42.37122638,-85.64286489,https://echo.epa.gov/detailed-facility-report?fid=MI0040250&sys=SDWIS," Inventory completed, no lead lines identified ",No lead lines
MI0040454,EVERGREEN PLEASANT VALLEY TRAILER PARK,94,,,,,,,,,,,,61,,,42.94207898,-83.22440746,https://echo.epa.gov/detailed-facility-report?fid=MI0040454&sys=SDWIS,Inventory not received or data not complete,Inventory not received or incomplete
MI0002212,FAIRFIELD TOWNSHIP,717,,,,,,,,,,,,260,260,,41.79461934,-84.03777719,https://echo.epa.gov/detailed-facility-report?fid=MI0002212&sys=SDWIS," Inventory completed, no lead lines identified ",No lead lines
MI0040316,FAIRLANE ESTATES,88,,,,,,,,,,,,60,60,,42.60109262,-83.90963055,https://echo.epa.gov/detailed-facility-report?fid=MI0040316&sys=SDWIS," Inventory completed, no lead lines identified ",No lead lines
MI0040318,FAIRLAWN MEADOWS,57,,,,,,,,,,,,42,42,,42.62178145,-83.91334521,https://echo.epa.gov/detailed-facility-report?fid=MI0040318&sys=SDWIS," Inventory completed, no lead lines identified ",No lead lines
MI0002215,FAIRWAY LAKE CONDOMINIUMS,56,,,,,,,,,,,,11,11,,44.91943644,-84.64780334,https://echo.epa.gov/detailed-facility-report?fid=MI0002215&sys=SDWIS," Inventory completed, no lead lines identified ",No lead lines
MI0002240,"FARMINGTON HILLS, CITY OF","56,823",,,,,,,,,,,,"23,250","23,250",,42.48587311,-83.37696706,https://echo.epa.gov/detailed-facility-report?fid=MI0002240&sys=SDWIS," Inventory completed, no lead lines identified ",No lead lines
MI0002230,"FARMINGTON, CITY OF","11,597",10,3,6,7,1,27,,20,31,51,34.6%,"3,368","3,419",,42.46838859,-83.40422254,https://echo.epa.gov/detailed-facility-report?fid=MI0002230&sys=SDWIS,"Compliant (≥20% average replacement, 2021–2024)",Compliant
MI0002250,"FARWELL, VILLAGE OF",871,,,3,4,1,8,,114,,114,6.6%,234,348,,43.83698756,-84.86272164,https://echo.epa.gov/detailed-facility-report?fid=MI0002250&sys=SDWIS," Not Compliant (<20% average replacement, 2021–2024) ",Not compliant
MI0002260,FENNVILLE,"1,459",10,11,5,,20,46,53,39,,92,33.3%,573,665,,42.60254682,-86.08007899,https://echo.epa.gov/detailed-facility-report?fid=MI0002260&sys=SDWIS,"Compliant (≥20% average replacement, 2021–2024)",Compliant
MI0002273,FENTON HARBOR CONDOMINIUMS,40,,,,,,,,,,,,14,14,2020,,,," Inventory completed, no lead lines identified ",No lead lines
MI0040144,FENTON LAKEFRONT COMMUNITY LLC,80,,,,,,,,,,,,,,,42.8043913,-83.86058655,https://echo.epa.gov/detailed-facility-report?fid=MI0040144&sys=SDWIS,Inventory not received or data not complete,Inventory not received or incomplete
MI0002270,"FENTON, CITY OF","11,746",90,24,45,18,79,256,,302,183,485,34.5%,"3,511","3,996",,42.81307381,-83.72996205,https://echo.epa.gov/detailed-facility-report?fid=MI0002270&sys=SDWIS,"Compliant (≥20% average replacement, 2021–2024)",Compliant
MI0002280,FERNDALE,"22,105",555,611,501,516,148,2331,595,72,"6,143","6,810",25.5%,"3,145","9,955",2020,42.45928869,-83.13134293,https://echo.epa.gov/detailed-facility-report?fid=MI0002280&sys=SDWIS,"Compliant (≥20% average replacement, 2021–2024)",Compliant
MI0002285,FERRYSBURG,"3,268",,,,,,,,,,,,"1,546","1,546",,43.08549365,-86.22013077,https://echo.epa.gov/detailed-facility-report?fid=MI0002285&sys=SDWIS," Inventory completed, no lead lines identified ",No lead lines
MI0002287,FIFE LAKE TOWNHOUSES,54,,,,,,,,,,,,3,3,,44.598705,-85.32247311,https://echo.epa.gov/detailed-facility-report?fid=MI0002287&sys=SDWIS," Inventory completed, no lead lines identified ",No lead lines
MI0002290,FILER CHARTER TOWNSHIP,940,,,,,,,,,,,,418,418,,44.21946528,-86.29279541,https://echo.epa.gov/detailed-facility-report?fid=MI0002290&sys=SDWIS," Inventory completed, no lead lines identified ",No lead lines
MI0002291,FILLMORE TOWNSHIP,25,,,,,,,,,,,,29,29,,,,," Inventory completed, no lead lines identified ",No lead lines
MI0040302,FIRST POINT MOBILE COURT,110,,,,,,,,,,,,53,53,,,,," Inventory completed, no lead lines identified ",No lead lines
MI0002300,FLAT ROCK,"10,541",,,32,44,34,110,178,,12,190,36.7%,"2,807","2,997",,42.09396593,-83.27724523,https://echo.epa.gov/detailed-facility-report?fid=MI0002300&sys=SDWIS,"Compliant (≥20% average replacement, 2021–2024)",Compliant
MI0002310,"FLINT, CITY OF","81,252",214,122,247,62,382,1027,722,120,"3,283","4,125",19.9%,"31,914","36,039",,43.02867211,-83.68745504,https://echo.epa.gov/detailed-facility-report?fid=MI0002310&sys=SDWIS," Not Compliant (<20% average replacement, 2021–2024) ",Not compliant
MI0002340,"FLUSHING, CITY OF","8,311",,,,1,4,5,,5,,5,50.0%,"3,305","3,310",,43.0698587,-83.84147408,https://echo.epa.gov/detailed-facility-report?fid=MI0002340&sys=SDWIS," Not Compliant (<20% average replacement, 2021–2024) ",Not compliant
MI0002347,FONDA LAKE WATER AUTHORITY,"1,200",,,,,,,,,,,,581,581,,42.51324428,-83.75274711,https://echo.epa.gov/detailed-facility-report?fid=MI0002347&sys=SDWIS," Inventory completed, no lead lines identified ",No lead lines
MI0000090,FORD FORESTRY CENTER,168,,,,,,,,,,,,23,23,,46.64289762,-88.48067977,https://echo.epa.gov/detailed-facility-report?fid=MI0000090&sys=SDWIS," Inventory completed, no lead lines identified ",No lead lines
MI0002350,FORD RIVER TOWNSHIP,385,1,1,,1,4,7,109,2,,111,5.9%,90,201,,45.67693728,-87.14523061,https://echo.epa.gov/detailed-facility-report?fid=MI0002350&sys=SDWIS," Not Compliant (<20% average replacement, 2021–2024) ",Not compliant
MI0002356,FORESTER TOWNSHIP,950,,,,,,,,,,,,538,538,,43.5304017,-82.58016757,https://echo.epa.gov/detailed-facility-report?fid=MI0002356&sys=SDWIS," Inventory completed, no lead lines identified ",No lead lines
MI0002360,FORESTVILLE VILLAGE OF,836,,,,,,,,,,,,503,503,,43.69881121,-82.61129568,https://echo.epa.gov/detailed-facility-report?fid=MI0002360&sys=SDWIS," Inventory completed, no lead lines identified ",No lead lines
MI0002370,FORSYTH TOWNSHIP,"2,479",,,,,,,,104,123,227,0%,605,832,,46.28813429,-87.44289129,https://echo.epa.gov/detailed-facility-report?fid=MI0002370&sys=SDWIS," Not Compliant (<20% average replacement, 2021–2024) ",Not compliant
MI0002385,FORT GRATIOT TOWNSHIP,"11,616",,,,,,,,,,,,"4,274","4,274",,43.03707176,-82.47816686,https://echo.epa.gov/detailed-facility-report?fid=MI0002385&sys=SDWIS," Inventory completed, no lead lines identified ",No lead lines
MI0002390,"FOWLER, VILLAGE OF","1,136",,,,,,,,,,,,563,563,,43.00286317,-84.74074649,https://echo.epa.gov/detailed-facility-report?fid=MI0002390&sys=SDWIS," Inventory completed, no lead lines identified ",No lead lines
MI0002400,"FOWLERVILLE, VILLAGE OF","2,951",,,,,,,,,162,162,0%,636,798,,42.65918007,-84.07268975,https://echo.epa.gov/detailed-facility-report?fid=MI0002400&sys=SDWIS," Not Compliant (<20% average replacement, 2021–2024) ",Not compliant
MI0002403,FOXFIELD APARTMENTS,65,,,,,,,,,,,,4,4,,45.42255912,-84.82613268,https://echo.epa.gov/detailed-facility-report?fid=MI0002403&sys=SDWIS," Inventory completed, no lead lines identified ",No lead lines
MI0002410,FRANKENLUST TOWNSHIP,"3,626",,,,,,,,,,,,"1,304","1,304",,43.56193854,-83.913491,https://echo.epa.gov/detailed-facility-report?fid=MI0002410&sys=SDWIS," Inventory completed, no lead lines identified ",No lead lines
MI0002425,FRANKENMUTH TOWNSHIP,"1,389",,,,,,,,,,,,493,493,,43.39099661,-83.75328504,https://echo.epa.gov/detailed-facility-report?fid=MI0002425&sys=SDWIS," Inventory completed, no lead lines identified ",No lead lines
MI0002420,"FRANKENMUTH, CITY OF","4,944",,,,,,,,,,,,"2,117","2,117",,43.32857589,-83.74523573,https://echo.epa.gov/detailed-facility-report?fid=MI0002420&sys=SDWIS," Inventory completed, no lead lines identified ",No lead lines
MI0002430,"FRANKFORT, CITY OF","1,286",38,,9,8,10,65,273,3,,276,19.1%,607,883,,44.64447001,-86.2325175,https://echo.epa.gov/detailed-facility-report?fid=MI0002430&sys=SDWIS," Not Compliant (<20% average replacement, 2021–2024) ",Not compliant
MI0002440,FRANKLIN KNOLLS SUBDIVISION,500,,,,,,,,,,,,157,157,,,,," Inventory completed, no lead lines identified ",No lead lines
MI0005680,FRANKLIN TOWNSHIP,300,,,,,,,,,,,,29,29,,47.12770934,-88.55395712,https://echo.epa.gov/detailed-facility-report?fid=MI0005680&sys=SDWIS," Inventory completed, no lead lines identified ",No lead lines
MI0005585,FRANKLINQUINCY WATER AUTHORITY,260,,,,,,,,,,,,43,43,,47.14316239,-88.57189858,https://echo.epa.gov/detailed-facility-report?fid=MI0005585&sys=SDWIS," Inventory completed, no lead lines identified ",No lead lines
MI0002465,FRASER TOWNSHIP,"1,226",,,,,,,,,,,,537,537,,,,," Inventory completed, no lead lines identified ",No lead lines
MI0002460,"FRASER, CITY OF","16,500",,,,,,,,,159,159,0%,"5,203","5,362",,42.53883371,-82.94962084,https://echo.epa.gov/detailed-facility-report?fid=MI0002460&sys=SDWIS," Not Compliant (<20% average replacement, 2021–2024) ",Not compliant
MI0040438,FREELAND MOBILE HOME PARK,280,,,,,,,,,,,,120,120,,43.56296413,-84.17069476,https://echo.epa.gov/detailed-facility-report?fid=MI0040438&sys=SDWIS," Inventory completed, no lead lines identified ",No lead lines
MI0002480,FREEPORT,483,1,8,3,2,24,38,,51,5,56,40.4%,127,183,,42.77082131,-85.31392957,https://echo.epa.gov/detailed-facility-report?fid=MI0002480&sys=SDWIS,"Compliant (≥20% average replacement, 2021–2024)",Compliant
MI0002490,FREMONT,"4,516",10,14,16,5,2,47,,39,,39,54.7%,"1,504","1,543",,43.46753388,-85.94949676,https://echo.epa.gov/detailed-facility-report?fid=MI0002490&sys=SDWIS,"Compliant (≥20% average replacement, 2021–2024)",Compliant
MI0002500,FRENCHTOWN TOWNSHIP,"16,481",,,,,,,,,,,,"6,534","6,534",,41.94527435,-83.35987215,https://echo.epa.gov/detailed-facility-report?fid=MI0002500&sys=SDWIS," Inventory completed, no lead lines identified ",No lead lines
MI0002507,FRUITPORT TOWNSHIP,"9,355",,,,,,,,,,,,"4,721","4,721",,43.1553059,-86.17954813,https://echo.epa.gov/detailed-facility-report?fid=MI0002507&sys=SDWIS," Inventory completed, no lead lines identified ",No lead lines
MI0002510,GAASTRA,376,,,,7,7,14,7,14,44,65,17.7%,117,182,,46.06189646,-88.59850136,https://echo.epa.gov/detailed-facility-report?fid=MI0002510&sys=SDWIS," Not Compliant (<20% average replacement, 2021–2024) ",Not compliant
MI0002520,"GAGETOWN, VILLAGE OF",388,,,,5,,5,18,22,,40,11.1%,131,171,,43.65469863,-83.24449113,https://echo.epa.gov/detailed-facility-report?fid=MI0002520&sys=SDWIS," Not Compliant (<20% average replacement, 2021–2024) ",Not compliant
MI0002530,GALESBURG,"2,377",,,,1,4,5,9,23,,32,13.5%,778,810,,42.29273379,-85.41820841,https://echo.epa.gov/detailed-facility-report?fid=MI0002530&sys=SDWIS," Not Compliant (<20% average replacement, 2021–2024) ",Not compliant
MI0002540,GARDEN,270,,,,,,,,,89,89,0%,61,150,,45.77388011,-86.57597041,https://echo.epa.gov/detailed-facility-report?fid=MI0002540&sys=SDWIS," Not Compliant (<20% average replacement, 2021–2024) ",Not compliant
MI0002550,GARDEN CITY,"27,625",7,37,68,29,60,201,315,,577,892,18.4%,"10,740","11,632",2025,42.32423897,-83.33936987,https://echo.epa.gov/detailed-facility-report?fid=MI0002550&sys=SDWIS," Not Compliant (<20% average replacement, 2021–2024) ",Not compliant
MI0002565,GARFIELD CHARTER TOWNSHIP,"12,899",,,,,,,,,,,,"3,101","3,101",,44.72883337,-85.64899891,https://echo.epa.gov/detailed-facility-report?fid=MI0002565&sys=SDWIS," Inventory completed, no lead lines identified ",No lead lines
MI0040174,GARFIELD OAKS,40,,,,,,,,,,,,26,26,,44.7310718,-85.59623212,https://echo.epa.gov/detailed-facility-report?fid=MI0040174&sys=SDWIS," Inventory completed, no lead lines identified ",No lead lines
MI0002568,GARLAND RESORT,53,,,,,,,,,,,,7,7,,44.82918092,-84.29027688,https://echo.epa.gov/detailed-facility-report?fid=MI0002568&sys=SDWIS," Inventory completed, no lead lines identified ",No lead lines
MI0002600,"GAYLORD, CITY OF","3,629",5,,4,,4,13,176,166,413,755,1.7%,"1,117","1,872",,45.01935369,-84.68142767,https://echo.epa.gov/detailed-facility-report?fid=MI0002600&sys=SDWIS," Not Compliant (<20% average replacement, 2021–2024) ",Not compliant
MI0000796,GENERAL WHITE APARTMENTS,50,,,,,,,,,,,,2,2,,42.38611298,-85.95312321,https://echo.epa.gov/detailed-facility-report?fid=MI0000796&sys=SDWIS," Inventory completed, no lead lines identified ",No lead lines
MI0002615,GENESEE COUNTY WATER SYSTEM,"71,500",,,,,,,,,,,,"18,693","18,693",,43.03806192,-83.68539177,https://echo.epa.gov/detailed-facility-report?fid=MI0002615&sys=SDWIS," Inventory completed, no lead lines identified ",No lead lines
MI0002617,GENESEE TOWNSHIP,"8,473",,,,,,,,,,,,"1,912","1,912",,43.12644656,-83.61485192,https://echo.epa.gov/detailed-facility-report?fid=MI0002617&sys=SDWIS," Inventory completed, no lead lines identified ",No lead lines
MI0002620,GEORGETOWN TOWNSHIP,"41,086",,,,,,,,,,,,"15,416","15,416",,42.90487084,-85.84144135,https://echo.epa.gov/detailed-facility-report?fid=MI0002620&sys=SDWIS," Inventory completed, no lead lines identified ",No lead lines
MI0002625,GERMFASK TOWNSHIP,200,,,,,,,,,,,,86,86,,46.24211704,-85.92675111,https://echo.epa.gov/detailed-facility-report?fid=MI0002625&sys=SDWIS," Inventory completed, no lead lines identified ",No lead lines
MI0002630,GIBRALTAR,"4,997",1,1,1,1,34,38,23,2,,25,60.3%,"1,186","1,211",,42.0878008,-83.2059344,https://echo.epa.gov/detailed-facility-report?fid=MI0002630&sys=SDWIS," Not Compliant (<20% average replacement, 2021–2024) ",Not compliant
MI0002640,GLADSTONE,"4,632",11,7,11,20,3,52,318,15,,333,13.5%,"1,826","2,159",,45.82305614,-87.05429499,https://echo.epa.gov/detailed-facility-report?fid=MI0002640&sys=SDWIS," Not Compliant (<20% average replacement, 2021–2024) ",Not compliant
MI0062653,GLADWIN NURSING AND REHABILITATION COMMU,60,,,,,,,,,,,,2,2,,44.11563587,-84.46527851,https://echo.epa.gov/detailed-facility-report?fid=MI0062653&sys=SDWIS," Inventory completed, no lead lines identified ",No lead lines
MI0002650,"GLADWIN, CITY OF","2,933",,,,,,,,,8,8,0%,"1,208","1,216",,43.9835511,-84.48747598,https://echo.epa.gov/detailed-facility-report?fid=MI0002650&sys=SDWIS," Not Compliant (<20% average replacement, 2021–2024) ",Not compliant
MI0002654,GLEN DEVON CONDOMINIUMS,260,,,,,,,,,,,,20,20,,42.85167167,-83.74401693,https://echo.epa.gov/detailed-facility-report?fid=MI0002654&sys=SDWIS," Inventory completed, no lead lines identified ",No lead lines
MI0002656,GLEN MEADOWS CONDOMINIUMS,142,,,,,,,,,,,,71,71,,45.02909895,-84.73862852,https://echo.epa.gov/detailed-facility-report?fid=MI0002656&sys=SDWIS," Inventory completed, no lead lines identified ",No lead lines
MI0002657,GLEN OAKS COMMUNITY COLLEGE,"1,233",,,,,,,,,,,,2,2,,41.90278823,-85.4806422,https://echo.epa.gov/detailed-facility-report?fid=MI0002657&sys=SDWIS," Inventory completed, no lead lines identified ",No lead lines
MI0002655,GLENN HAVEN SHORES,100,,,,,,,,,,,,57,57,,42.50257,-86.24340454,https://echo.epa.gov/detailed-facility-report?fid=MI0002655&sys=SDWIS," Inventory completed, no lead lines identified ",No lead lines
MI0002659,GLENNWOODS SUBDIVISION,77,,,,,,,,,,,,34,34,2019,42.52045528,-86.23327145,https://echo.epa.gov/detailed-facility-report?fid=MI0002659&sys=SDWIS," Inventory completed, no lead lines identified ",No lead lines
MI0040566,GLENWOOD ESTATES,585,,,,,,,,,186,186,0%,50,236,,43.08510777,-85.74441809,https://echo.epa.gov/detailed-facility-report?fid=MI0040566&sys=SDWIS," Not Compliant (<20% average replacement, 2021–2024) ",Not compliant
MI0002680,GOBLES,725,2,,,,,2,,,,,100.0%,294,294,,42.36304199,-85.87523162,https://echo.epa.gov/detailed-facility-report?fid=MI0002680&sys=SDWIS,100% replaced,100% replaced
MI0002685,GOGEBIC RANGE WATER AUTH,177,,,,,,,,,,,,76,76,,,,," Inventory completed, no lead lines identified ",No lead lines
MI0040476,GOLDEN POND ESTATES,102,,,,,,,,,,,,40,40,,41.92636327,-85.75245492,https://echo.epa.gov/detailed-facility-report?fid=MI0040476&sys=SDWIS," Inventory completed, no lead lines identified ",No lead lines
MI0002730,GRAND BEACH,272,,,,,,,,,,,,479,479,,41.77541657,-86.78780886,https://echo.epa.gov/detailed-facility-report?fid=MI0002730&sys=SDWIS," Inventory completed, no lead lines identified ",No lead lines
MI0002740,"GRAND BLANC, CITY OF","8,276",,,,,,,,,,,,"3,184","3,184",,42.92396729,-83.61162066,https://echo.epa.gov/detailed-facility-report?fid=MI0002740&sys=SDWIS," Inventory completed, no lead lines identified ",No lead lines
MI0040419,GRAND COUNTRY,130,,,,,,,,,,,,52,52,,43.01108061,-85.99685611,https://echo.epa.gov/detailed-facility-report?fid=MI0040419&sys=SDWIS," Inventory completed, no lead lines identified ",No lead lines
MI0002750,GRAND HAVEN,"10,412",10,26,191,12,48,287,"1,223",130,,"1,353",17.5%,"3,121","4,474",,43.05308101,-86.21851431,https://echo.epa.gov/detailed-facility-report?fid=MI0002750&sys=SDWIS," Not Compliant (<20% average replacement, 2021–2024) ",Not compliant
MI0002760,GRAND HAVEN TOWNSHIP,"15,051",,,,,,,"1,422",116,,"1,538",0%,"3,225","4,763",,43.02086349,-86.18936176,https://echo.epa.gov/detailed-facility-report?fid=MI0002760&sys=SDWIS," Not Compliant (<20% average replacement, 2021–2024) ",Not compliant
MI0002770,"GRAND LEDGE, CITY OF","8,701",7,16,,11,12,46,4,10,,14,76.7%,"2,967","2,981",,42.74668248,-84.75009624,https://echo.epa.gov/detailed-facility-report?fid=MI0002770&sys=SDWIS,"Compliant (≥20% average replacement, 2021–2024)",Compliant
MI0002785,GRAND POINTE SUBDIVISION,219,,,,,,,,,,,,93,93,2025,42.66667551,-84.64407627,https://echo.epa.gov/detailed-facility-report?fid=MI0002785&sys=SDWIS," Inventory completed, no lead lines identified ",No lead lines
MI0002790,GRAND RAPIDS,"273,005",640,946,2478,1419,1667,7150,"19,430",,394,"19,824",26.5%,"60,142","79,963",,42.95054896,-85.63455377,https://echo.epa.gov/detailed-facility-report?fid=MI0002790&sys=SDWIS,"Compliant (≥20% average replacement, 2021–2024)",Compliant
MI0002805,GRAND TRAVERSE CONDOMINIUMS,60,,,,,,,,,,,,4,4,,44.77480544,-85.49730223,https://echo.epa.gov/detailed-facility-report?fid=MI0002805&sys=SDWIS," Inventory completed, no lead lines identified ",No lead lines
MI0002809,GRAND VALLEY ESTATES,288,,,,,,,,,,,,104,104,,43.00183806,-85.53366847,https://echo.epa.gov/detailed-facility-report?fid=MI0002809&sys=SDWIS," Inventory completed, no lead lines identified ",No lead lines
MI0040069,GRAND VILLAGE MOBILE HOME PARK,50,,,,,,,,,,,,20,20,,41.9284417,-85.0688355,https://echo.epa.gov/detailed-facility-report?fid=MI0040069&sys=SDWIS," Inventory completed, no lead lines identified ",No lead lines
MI0002820,GRANDVILLE,"15,948",,,29,44,33,106,,100,,100,51.5%,"5,347","5,447",,42.88925974,-85.75990451,https://echo.epa.gov/detailed-facility-report?fid=MI0002820&sys=SDWIS,"Compliant (≥20% average replacement, 2021–2024)",Compliant
MI0002823,GRANT,894,,,,,,,,,,,,337,337,,43.33460771,-85.80982494,https://echo.epa.gov/detailed-facility-report?fid=MI0002823&sys=SDWIS," Inventory completed, no lead lines identified ",No lead lines
MI0001630,GRANT TOWNSHIP  COPPER HARBOR,200,,,,,,,,,,,,114,114,,47.47259623,-87.93603561,https://echo.epa.gov/detailed-facility-report?fid=MI0001630&sys=SDWIS," Inventory completed, no lead lines identified ",No lead lines
MI0002830,GRASS LAKE,"1,986",,,,2,1,3,,,242,242,1.2%,394,636,,42.25153342,-84.20433638,https://echo.epa.gov/detailed-facility-report?fid=MI0002830&sys=SDWIS," Not Compliant (<20% average replacement, 2021–2024) ",Not compliant
MI0002836,GRATIOT AREA WATER AUTHORITY,,,,,,,,,,,,,,,,,,,No service lines; wholesale only,No service lines; wholesale only
MI0002840,"GRAYLING, CITY OF","1,884",1,,,1,,2,,243,,243,0.8%,503,746,,44.66129963,-84.70834005,https://echo.epa.gov/detailed-facility-report?fid=MI0002840&sys=SDWIS," Not Compliant (<20% average replacement, 2021–2024) ",Not compliant
MI0002839,GREAT LAKES ADVENTIST ACADEMY,360,,,,,,,,,,,,26,26,,43.4059499,-84.98018745,https://echo.epa.gov/detailed-facility-report?fid=MI0002839&sys=SDWIS," Inventory completed, no lead lines identified ",No lead lines
MI0002838,GREAT LAKES WATER AUTHORITY,,,,,,,, ,,,,,,,,,,,No service lines; wholesale only; no inventory submitted,No service lines; wholesale only
MI0040273,GREEN ACRES MOBILE HOME PARK,135,,,,,,,,,,,,54,54,,43.22254139,-85.71295906,https://echo.epa.gov/detailed-facility-report?fid=MI0040273&sys=SDWIS," Inventory completed, no lead lines identified ",No lead lines
MI0005395,GREEN BROOK ESTATES,40,,,,,,, ,,,,,,,,42.59573707,-83.8481101,https://echo.epa.gov/detailed-facility-report?fid=MI0005395&sys=SDWIS,Inventory not received or data not complete,Inventory not received or incomplete
MI0002843,GREEN LAKE TOWNSHIP,1,,,,,,,,,,,,1,1,,,,," Inventory completed, no lead lines identified ",No lead lines
MI0001543,GREEN OAK TWP  CENTENNIAL FARMS,900,,,,,,,,,,,,81,81,,42.46196976,-83.7078206,https://echo.epa.gov/detailed-facility-report?fid=MI0001543&sys=SDWIS," Inventory completed, no lead lines identified ",No lead lines
MI0040352,GREENBRIER ESTATES,142,,,,,,,,,,,,57,57,,43.12785663,-85.26074701,https://echo.epa.gov/detailed-facility-report?fid=MI0040352&sys=SDWIS," Inventory completed, no lead lines identified ",No lead lines
MI0002837,GREENFIELD ESTATES,68,,,,,,,,,,,,23,23,,42.68143812,-86.01544702,https://echo.epa.gov/detailed-facility-report?fid=MI0002837&sys=SDWIS," Inventory completed, no lead lines identified ",No lead lines
MI0002846,GREENFIELD POINTE SUBDIVISION,265,,,,,,,,,,,,98,98,,42.51590413,-83.77013857,https://echo.epa.gov/detailed-facility-report?fid=MI0002846&sys=SDWIS," Inventory completed, no lead lines identified ",No lead lines
MI0040405,GREENLAWN MOBILE HOME COURT,100,,,,,,,,,,,,,,,43.50360768,-86.34590272,https://echo.epa.gov/detailed-facility-report?fid=MI0040405&sys=SDWIS,Inventory not received or data not complete,Inventory not received or incomplete
MI0002847,GREENS LAKE APARTMENTS,330,,,,,,,,,,,,1,1,,,,," Inventory completed, no lead lines identified ",No lead lines
MI0002850,GREENVILLE,"8,816",20,,40,7,20,87,20,"1,627",,"1,647",5.0%,"1,389","3,036",,43.17851662,-85.25760856,https://echo.epa.gov/detailed-facility-report?fid=MI0002850&sys=SDWIS," Not Compliant (<20% average replacement, 2021–2024) ",Not compliant
MI0002845,GREGG APARTMENTS,64,,,,,,,,,,,,2,2,,,,," Inventory completed, no lead lines identified ",No lead lines
MI0002870,GROSSE ILE TOWNSHIP,"10,371",3,2,1,2,11,19,28,,,28,40.4%,"4,004","4,032",2025,42.13290305,-83.15562186,https://echo.epa.gov/detailed-facility-report?fid=MI0002870&sys=SDWIS,"Compliant (≥20% average replacement, 2021–2024)",Compliant
MI0002890,GROSSE POINTE FARMS,"9,757",14,14,14,14,27,83,244,,,244,25.4%,"3,815","4,059",,42.40730501,-82.89926314,https://echo.epa.gov/detailed-facility-report?fid=MI0002890&sys=SDWIS," Not Compliant (<20% average replacement, 2021–2024) ",Not compliant
MI0002900,GROSSE POINTE PARK,"11,555",2,6,7,81,79,175,"1,999",1,13,"2,013",8.0%,"2,171","4,184",,42.37934308,-82.9297176,https://echo.epa.gov/detailed-facility-report?fid=MI0002900&sys=SDWIS," Not Compliant (<20% average replacement, 2021–2024) ",Not compliant
MI0002910,GROSSE POINTE SHORES,"2,929",,,,,6,6,1,,689,690,0.9%,429,"1,119",,42.43868513,-82.87846703,https://echo.epa.gov/detailed-facility-report?fid=MI0002910&sys=SDWIS," Not Compliant (<20% average replacement, 2021–2024) ",Not compliant
MI0002920,GROSSE POINTE WOODS,"16,135",3,36,25,4,20,88,69,35,"6,448","6,552",1.3%,322,"6,874",2025,42.43743087,-82.89740983,https://echo.epa.gov/detailed-facility-report?fid=MI0002920&sys=SDWIS," Not Compliant (<20% average replacement, 2021–2024) ",Not compliant
MI0002880,"GROSSE POINTE, CITY OF","5,421",24,,35,26,2,87,113,5,"1,199","1,317",6.2%,868,"2,185",,42.38861962,-82.90697014,https://echo.epa.gov/detailed-facility-report?fid=MI0002880&sys=SDWIS," Not Compliant (<20% average replacement, 2021–2024) ",Not compliant
MI0040384,GROVELAND MANOR,435,,,,,,,,,,,,186,186,,42.84002143,-83.56742274,https://echo.epa.gov/detailed-facility-report?fid=MI0040384&sys=SDWIS," Inventory completed, no lead lines identified ",No lead lines
MI0040046,GUERNSEY LAKE MOBILE HOME COMMUNITY,100,,,,,,,,,,,,40,40,,,,," Inventory completed, no lead lines identified ",No lead lines
MI0040044,GUN LAKE MOBILE HOME COMMUNITY,148,,,,,,,,,,,,73,73,,42.58573526,-85.52380939,https://echo.epa.gov/detailed-facility-report?fid=MI0040044&sys=SDWIS," Inventory completed, no lead lines identified ",No lead lines
MI0002926,GUN PLAIN TOWNSHIP,1,,,,,,,,,,,,145,145,,,,," Inventory completed, no lead lines identified ",No lead lines
MI0040029,GUN RIVER ESTATES WEST,152,,,,,,,,,,,,61,61,2018,,,," Inventory completed, no lead lines identified ",No lead lines
MI0040011,GUN RIVER MOBILE ESTATES,415,,,,,,,,,,,,168,168,,42.46931597,-85.6417175,https://echo.epa.gov/detailed-facility-report?fid=MI0040011&sys=SDWIS," Inventory completed, no lead lines identified ",No lead lines
MI0040138,GUNTHER MOBILE HOME COURT INC,105,,,,,,,,,,,,,,,43.09490554,-83.67252578,https://echo.epa.gov/detailed-facility-report?fid=MI0040138&sys=SDWIS,Inventory not received or data not complete,Inventory not received or incomplete
MI0062942,HALE CREEK MANOR,43,,,,,,,,,,,,3,3,,44.37752041,-83.80335637,https://echo.epa.gov/detailed-facility-report?fid=MI0062942&sys=SDWIS," Inventory completed, no lead lines identified ",No lead lines
MI0002943,HALE HOMESTEAD APARTMENTS,72,,,,,,,,,,,,,,2025,,,,Inventory not received or data not complete,Inventory not received or incomplete
MI0040317,HAMBURG HILLS ESTATES,350,,,,,,,,,,,,152,152,,42.45680381,-83.90281477,https://echo.epa.gov/detailed-facility-report?fid=MI0040317&sys=SDWIS," Inventory completed, no lead lines identified ",No lead lines
MI0002944,HAMLET VILLAGE CONDOMINIUMS ASSOCIATION,126,,,,,,,,,45,45,0%,44,89,,45.46848481,-84.90368111,https://echo.epa.gov/detailed-facility-report?fid=MI0002944&sys=SDWIS," Not Compliant (<20% average replacement, 2021–2024) ",Not compliant
MI0002945,HAMLET WEST PROPERTY OWNERS ASSOC,133,,,,,,,,,76,76,0%,,76,,45.46986067,-84.91736324,https://echo.epa.gov/detailed-facility-report?fid=MI0002945&sys=SDWIS," Not Compliant (<20% average replacement, 2021–2024) ",Not compliant
MI0040194,HAMLIN MOBILE HOME PARK,458,,,,,,,,,,,,230,230,2020,42.63811785,-84.15454604,https://echo.epa.gov/detailed-facility-report?fid=MI0040194&sys=SDWIS," Inventory completed, no lead lines identified ",No lead lines
MI0002960,HAMPTON TOWNSHIP,"9,652",6,,7,,,13,48,10,,58,18.3%,"3,587","3,645",2019,43.59888082,-83.81712394,https://echo.epa.gov/detailed-facility-report?fid=MI0002960&sys=SDWIS," Not Compliant (<20% average replacement, 2021–2024) ",Not compliant
MI0002970,HAMTRAMCK,"22,413",179,361,429,790,780,2539,793,41,"4,551","5,385",32.0%,840,"6,225",2021,42.3959584,-83.05572626,https://echo.epa.gov/detailed-facility-report?fid=MI0002970&sys=SDWIS,"Compliant (≥20% average replacement, 2021–2024)",Compliant
MI0002980,HANCOCK,"4,500",,,,,,,,,412,412,0%,"1,430","1,842",,47.13397293,-88.59169746,https://echo.epa.gov/detailed-facility-report?fid=MI0002980&sys=SDWIS," Not Compliant (<20% average replacement, 2021–2024) ",Not compliant
MI0002982,HANDY TOWNSHIP  RED CEDARS CROSSING,"1,030",,,,,,,,,,,,460,460,,42.67231575,-84.08196029,https://echo.epa.gov/detailed-facility-report?fid=MI0002982&sys=SDWIS," Inventory completed, no lead lines identified ",No lead lines
MI0003000,"HARBOR BEACH, CITY OF","1,604",,4,3,5,15,27,,9,656,665,3.9%,148,813,,43.84141007,-82.65157825,https://echo.epa.gov/detailed-facility-report?fid=MI0003000&sys=SDWIS," Not Compliant (<20% average replacement, 2021–2024) ",Not compliant
MI0003001,HARBOR COVE APARTMENTS,288,,,,,,,,,,,,12,12,,42.41915163,-83.76112876,https://echo.epa.gov/detailed-facility-report?fid=MI0003001&sys=SDWIS," Inventory completed, no lead lines identified ",No lead lines
MI0003005,HARBOR HILLS SUBDIVISION ASSOCIATION,65,,,,,,,,,10,10,0%,15,25,,,,," Not Compliant (<20% average replacement, 2021–2024) ",Not compliant
MI0003015,HARBOR SPRINGS AREA AUTHORITY,303,,,,,,,,,,,,22,22,,45.45287962,-84.90342069,https://echo.epa.gov/detailed-facility-report?fid=MI0003015&sys=SDWIS," Inventory completed, no lead lines identified ",No lead lines
MI0003010,"HARBOR SPRINGS, CITY OF","1,194",,,,,,,,,,,,"1,343","1,343",,45.43367812,-84.99236945,https://echo.epa.gov/detailed-facility-report?fid=MI0003010&sys=SDWIS," Inventory completed, no lead lines identified ",No lead lines
MI0040369,HARDY PARK,140,,,,,23,23,,56,,56,29.1%,,56,,43.45584435,-85.65419236,https://echo.epa.gov/detailed-facility-report?fid=MI0040369&sys=SDWIS," Not Compliant (<20% average replacement, 2021–2024) ",Not compliant
MI0003018,HARING CHARTER TOWNSHIP,839,,,,,,,,,,,,349,349,,44.28440262,-85.40673665,https://echo.epa.gov/detailed-facility-report?fid=MI0003018&sys=SDWIS," Inventory completed, no lead lines identified ",No lead lines
MI0003020,HARPER WOODS,"14,236",8,10,10,,92,120,152,720,"1,597","2,469",4.6%,"4,001","6,470",2023,42.43927666,-82.9318358,https://echo.epa.gov/detailed-facility-report?fid=MI0003020&sys=SDWIS," Not Compliant (<20% average replacement, 2021–2024) ",Not compliant
MI0003040,HARRISON TOWNSHIP,"24,314",,,,,,,,,,,,"8,790","8,790",,42.57833005,-82.83523417,https://echo.epa.gov/detailed-facility-report?fid=MI0003040&sys=SDWIS," Inventory completed, no lead lines identified ",No lead lines
MI0003030,"HARRISON, CITY OF","1,100",,2,17,5,,24,,114,45,159,13.1%,636,795,,44.01716284,-84.80401365,https://echo.epa.gov/detailed-facility-report?fid=MI0003030&sys=SDWIS," Not Compliant (<20% average replacement, 2021–2024) ",Not compliant
MI0003050,"HARRISVILLE, CITY OF",493,,,,,,,2,87,,89,0%,261,350,,44.64284917,-83.29966422,https://echo.epa.gov/detailed-facility-report?fid=MI0003050&sys=SDWIS," Not Compliant (<20% average replacement, 2021–2024) ",Not compliant
MI0003060,HART,"2,126",5,,7,53,2,67,438,250,,688,8.9%,218,906,,43.6956893,-86.36894323,https://echo.epa.gov/detailed-facility-report?fid=MI0003060&sys=SDWIS," Not Compliant (<20% average replacement, 2021–2024) ",Not compliant
MI0003070,HARTFORD,"2,688",,,25,,14,39,283,340,,623,5.9%,282,905,,42.20788985,-86.16440387,https://echo.epa.gov/detailed-facility-report?fid=MI0003070&sys=SDWIS," Not Compliant (<20% average replacement, 2021–2024) ",Not compliant
MI0003073,HARTLAND HILLS CONDOMINIUMS,67,,,,,,,,,,,,1,1,,,,," Inventory completed, no lead lines identified ",No lead lines
MI0040654,HARTLAND MEADOWS,"1,543",,,,,,,,,,,,617,617,,42.62787186,-83.69083859,https://echo.epa.gov/detailed-facility-report?fid=MI0040654&sys=SDWIS," Inventory completed, no lead lines identified ",No lead lines
MI0003075,HARTLAND TOWNSHIP,"3,022",,,,,,,,,,,,505,505,,42.6333649,-83.76368572,https://echo.epa.gov/detailed-facility-report?fid=MI0003075&sys=SDWIS," Inventory completed, no lead lines identified ",No lead lines
MI0040620,HARTWICK PINES ESTATES,75,,,,,,,,,,,,49,49,,44.78119229,-84.75259287,https://echo.epa.gov/detailed-facility-report?fid=MI0040620&sys=SDWIS," Inventory completed, no lead lines identified ",No lead lines
MI0003080,HARVEST HILLS SUBDIVISION ASSO,225,,,,,,,,,,,,85,85,,42.53202956,-83.74516126,https://echo.epa.gov/detailed-facility-report?fid=MI0003080&sys=SDWIS," Inventory completed, no lead lines identified ",No lead lines
MI0003090,HASTINGS,"7,350",9,7,34,62,92,204,783,767,,"1,550",11.6%,"1,113","2,663",,42.64936563,-85.2910326,https://echo.epa.gov/detailed-facility-report?fid=MI0003090&sys=SDWIS," Not Compliant (<20% average replacement, 2021–2024) ",Not compliant
MI0040343,HAVEN VIEW MOBILE COURT,75,,,,,,,,,,,,82,82,,43.73450323,-85.50635454,https://echo.epa.gov/detailed-facility-report?fid=MI0040343&sys=SDWIS," Inventory completed, no lead lines identified ",No lead lines
MI0003100,HAZEL PARK,"16,400",32,29,31,80,86,258,568,,"1,718","2,286",10.1%,"4,776","7,062",2020,42.46181683,-83.09754109,https://echo.epa.gov/detailed-facility-report?fid=MI0003100&sys=SDWIS," Not Compliant (<20% average replacement, 2021–2024) ",Not compliant
MI0040680,HEARTHSIDE GROVE MOTOR COACH RESORT,100,,,,,,,,,,,,197,197,,45.40175044,-84.87289318,https://echo.epa.gov/detailed-facility-report?fid=MI0040680&sys=SDWIS," Inventory completed, no lead lines identified ",No lead lines
MI0000200,HEMATITE TOWNSHIP,350,,,,,,,,,,,,,,,46.2330461,-88.4504433,https://echo.epa.gov/detailed-facility-report?fid=MI0000200&sys=SDWIS,Inventory not received or data not complete,Inventory not received or incomplete
MI0003115,HEMINGWAY POINTE CLUB OWNERS ASSOCIATION,250,,,,,,,,,,,,68,68,,45.25415782,-85.17052562,https://echo.epa.gov/detailed-facility-report?fid=MI0003115&sys=SDWIS," Inventory completed, no lead lines identified ",No lead lines
MI0003110,HEMLOCK/RICHLAND TOWNSHIP,"1,632",,,,,,,,,,,,604,604,,43.42545979,-84.2063546,https://echo.epa.gov/detailed-facility-report?fid=MI0003110&sys=SDWIS," Inventory completed, no lead lines identified ",No lead lines
MI0003117,HERITAGE APARTMENTS,30,,,,,,, ,,,,,,,,42.55632329,-83.47459165,https://echo.epa.gov/detailed-facility-report?fid=MI0003117&sys=SDWIS,Inventory not received or data not complete,Inventory not received or incomplete
MI0003118,HERITAGE DRIVE APARTMENTS,41,,,,,,,,,,,,2,2,,46.54174901,-87.57338673,https://echo.epa.gov/detailed-facility-report?fid=MI0003118&sys=SDWIS," Inventory completed, no lead lines identified ",No lead lines
MI0040333,HERITAGE HILLS MOBILE HOME VILLAGE,75,,,,,,,,,,,,30,30,,43.89055172,-86.4002488,https://echo.epa.gov/detailed-facility-report?fid=MI0040333&sys=SDWIS," Inventory completed, no lead lines identified ",No lead lines
MI0003120,HERMANSVILLE HOUSING COMM.,36,,,,,,,,,,,,1,1,2025,45.70830965,-87.60704734,https://echo.epa.gov/detailed-facility-report?fid=MI0003120&sys=SDWIS," Inventory completed, no lead lines identified ",No lead lines
MI0003130,HESPERIA,954,3,,7,,106,116,187,46,83,316,26.9%,36,410,,43.56913125,-86.03424435,https://echo.epa.gov/detailed-facility-report?fid=MI0003130&sys=SDWIS," Not Compliant (<20% average replacement, 2021–2024) ",Not compliant
MI0040587,HESPERIA MHP LLC,248,,,,,,,,,,,,99,99,,43.66066865,-86.07729695,https://echo.epa.gov/detailed-facility-report?fid=MI0040587&sys=SDWIS," Inventory completed, no lead lines identified ",No lead lines
MI0040370,HESS LAKE RV AND MOBILE HOME PARK,160,,,,,,, ,,,,,,,2023,43.39268629,-85.7698822,https://echo.epa.gov/detailed-facility-report?fid=MI0040370&sys=SDWIS,Inventory not received or data not complete,Inventory not received or incomplete
MI0040084,HICKORY HILLS,708,,,,,,,,,,,,286,286,,42.22209652,-85.17642475,https://echo.epa.gov/detailed-facility-report?fid=MI0040084&sys=SDWIS," Inventory completed, no lead lines identified ",No lead lines
MI0040469,HICKORY LANE MOBILE HOME PARK,80,,,,,,,,,,,,32,32,,41.91817647,-85.66493177,https://echo.epa.gov/detailed-facility-report?fid=MI0040469&sys=SDWIS," Inventory completed, no lead lines identified ",No lead lines
MI0040682,HIDDEN CREEK ESTATES,318,,,,,,,,,,,,209,209,,,,," Inventory completed, no lead lines identified ",No lead lines
MI0003131,HIDDEN GLEN APARTMENTS,50,,,,,,, ,,,,,,,,42.89402528,-84.34796272,https://echo.epa.gov/detailed-facility-report?fid=MI0003131&sys=SDWIS,Inventory not received or data not complete,Inventory not received or incomplete
MI0003132,HIDDEN HAMLET ASSOCIATION,465,,,,,,,,,,,,156,156,2023,45.47472392,-84.91031799,https://echo.epa.gov/detailed-facility-report?fid=MI0003132&sys=SDWIS," Inventory completed, no lead lines identified ",No lead lines
MI0040386,HIDDEN LAKE ESTATES,673,,,,,,,,,,,,269,269,,42.80734903,-83.14655333,https://echo.epa.gov/detailed-facility-report?fid=MI0040386&sys=SDWIS," Inventory completed, no lead lines identified ",No lead lines
MI0003137,HIDDEN LAKES OF GREEN OAKS,759,,,,,,,,,,,,372,372,,42.45452615,-83.72488089,https://echo.epa.gov/detailed-facility-report?fid=MI0003137&sys=SDWIS," Inventory completed, no lead lines identified ",No lead lines
MI0005819,HIDDEN SHORES WEST,75,,,,,,,,,,,,20,20,,42.5115656,-83.71555244,https://echo.epa.gov/detailed-facility-report?fid=MI0005819&sys=SDWIS," Inventory completed, no lead lines identified ",No lead lines
MI0040208,HIDDEN VALLEY,125,,,,,,,,,,,,50,50,,42.99302877,-84.99851275,https://echo.epa.gov/detailed-facility-report?fid=MI0040208&sys=SDWIS," Inventory completed, no lead lines identified ",No lead lines
MI0003134,HIGHFIELDS YOUTH CAMP,96,,,,,,,,,,,,9,9,,42.43311708,-84.53082758,https://echo.epa.gov/detailed-facility-report?fid=MI0003134&sys=SDWIS," Inventory completed, no lead lines identified ",No lead lines
MI0040387,HIGHLAND GREENS ESTATES,"2,268",,,,,,,,,,,,879,879,,42.62250601,-83.57956481,https://echo.epa.gov/detailed-facility-report?fid=MI0040387&sys=SDWIS," Inventory completed, no lead lines identified ",No lead lines
MI0003138,HIGHLAND HAVEN/WOODSIDE APTS,40,,,,,,,,,,,,1,1,,42.64648474,-83.57879679,https://echo.epa.gov/detailed-facility-report?fid=MI0003138&sys=SDWIS," Inventory completed, no lead lines identified ",No lead lines
MI0040388,HIGHLAND HILLS OF HIGHLAND MHC,260,,,,,,,,,,,,306,306,,42.6384348,-83.6572547,https://echo.epa.gov/detailed-facility-report?fid=MI0040388&sys=SDWIS," Inventory completed, no lead lines identified ",No lead lines
MI0003139,HIGHLAND MEADOWVIEW APARTMENTS,40,,,,,,,,,,,,1,1,,,,," Inventory completed, no lead lines identified ",No lead lines
MI0003140,HIGHLAND PARK,"8,977",59,365,12,12,412,860,"2,828",,,"2,828",23.3%,686,"3,514",2019,42.40522431,-83.09761986,https://echo.epa.gov/detailed-facility-report?fid=MI0003140&sys=SDWIS," Not Compliant (<20% average replacement, 2021–2024) ",Not compliant
MI0003312,HIGHLAND TOWNSHIP,"3,786",,,,,,,,,,,,"1,194","1,194",,42.64824698,-83.62258683,https://echo.epa.gov/detailed-facility-report?fid=MI0003312&sys=SDWIS," Inventory completed, no lead lines identified ",No lead lines
MI0000813,HIGHLANDS AT HARBOR SPRINGS,450,,,,,,,,,,,,192,192,,45.48475852,-84.92823092,https://echo.epa.gov/detailed-facility-report?fid=MI0000813&sys=SDWIS," Inventory completed, no lead lines identified ",No lead lines
MI0040231,HILLANLAKE VILLAGE,372,,,,,,,,,,,,,151,,42.09089057,-84.19539328,https://echo.epa.gov/detailed-facility-report?fid=MI0040231&sys=SDWIS,Inventory not received or data not complete,Inventory not received or incomplete
MI0003160,"HILLMAN, VILLAGE OF",697,,,,,,,,,,,,339,339,,45.07193394,-83.91619094,https://echo.epa.gov/detailed-facility-report?fid=MI0003160&sys=SDWIS," Inventory completed, no lead lines identified ",No lead lines
MI0040057,HILLS HAVEN MOBILE HOME PARK,235,,,,,,,,,,,,94,94,,41.87951807,-86.3596267,https://echo.epa.gov/detailed-facility-report?fid=MI0040057&sys=SDWIS," Inventory completed, no lead lines identified ",No lead lines
MI0003165,HILLS OF WALLOON ASSOCIATION,87,,,,,,,,,30,30,0%,3,33,2018,45.31037494,-85.03432427,https://echo.epa.gov/detailed-facility-report?fid=MI0003165&sys=SDWIS," Not Compliant (<20% average replacement, 2021–2024) ",Not compliant
MI0003170,HILLSDALE,"8,163",49,21,127,88,91,376,211,694,,905,29.4%,"1,677","2,582",,41.92500977,-84.63604665,https://echo.epa.gov/detailed-facility-report?fid=MI0003170&sys=SDWIS,"Compliant (≥20% average replacement, 2021–2024)",Compliant
MI0040180,HILLSIDE ACRES,48,,,,,,,,,,,,44,,,41.88620155,-84.69402421,https://echo.epa.gov/detailed-facility-report?fid=MI0040180&sys=SDWIS,Inventory not received or data not complete,Inventory not received or incomplete
MI0003175,HILLVIEW ESTATES SUBDIVISION,354,,,,,,,,1,"3,492","3,493",0%,"2,952","6,445",,42.78226309,-83.33449133,https://echo.epa.gov/detailed-facility-report?fid=MI0003175&sys=SDWIS," Not Compliant (<20% average replacement, 2021–2024) ",Not compliant
MI0040122,HIWAY MOBILE HAVEN,168,,,,,,,,,,,,67,67,,42.59980502,-84.77556648,https://echo.epa.gov/detailed-facility-report?fid=MI0040122&sys=SDWIS," Inventory completed, no lead lines identified ",No lead lines
MI0040344,HOLIDAY TERRACE,90,,,,,,,,,,,,38,38,,43.61592786,-85.32003228,https://echo.epa.gov/detailed-facility-report?fid=MI0040344&sys=SDWIS," Inventory completed, no lead lines identified ",No lead lines
MI0040335,HOLIDAY VILLAGE MOBILE HOME PARK,185,,,,,,,,,,,,74,74,,43.95357361,-86.32439316,https://echo.epa.gov/detailed-facility-report?fid=MI0040335&sys=SDWIS," Inventory completed, no lead lines identified ",No lead lines
MI0003190,HOLLAND BOARD OF PUBLIC WORKS,"49,687",71,113,118,86,107,495,"1,728","1,468",202,"3,398",12.7%,"14,226","17,624",,42.77563265,-86.11328337,https://echo.epa.gov/detailed-facility-report?fid=MI0003190&sys=SDWIS," Not Compliant (<20% average replacement, 2021–2024) ",Not compliant
MI0003195,HOLLAND TOWNSHIP CONSOLIDATED,"26,100",,2,,,,2,,,,,100.0%,"13,078","13,078",,42.80958055,-86.07943127,https://echo.epa.gov/detailed-facility-report?fid=MI0003195&sys=SDWIS,100% replaced,100% replaced
MI0040665,HOLLY HILLS MHC,435,,,,,,,,,,,,313,313,,42.79881732,-83.59569667,https://echo.epa.gov/detailed-facility-report?fid=MI0040665&sys=SDWIS," Inventory completed, no lead lines identified ",No lead lines
MI0003200,"HOLLY, VILLAGE OF","8,557",,,,,,, ,,,,,,,,42.79844485,-83.62894026,https://echo.epa.gov/detailed-facility-report?fid=MI0003200&sys=SDWIS,Inventory not received or data not complete,Inventory not received or incomplete
MI0003215,HOLTON COTTAGES,34,,,,,,,,,,,,18,18,,,,," Inventory completed, no lead lines identified ",No lead lines
MI0040014,HOMECREST VILLA MOBILE HOME PARK,100,,,,,,,,,,,,58,58,,42.53451963,-85.87705144,https://echo.epa.gov/detailed-facility-report?fid=MI0040014&sys=SDWIS," Inventory completed, no lead lines identified ",No lead lines
MI0003220,HOMER,"1,668",,,,,,, ,,,,,,,,42.14137842,-84.80765777,https://echo.epa.gov/detailed-facility-report?fid=MI0003220&sys=SDWIS,Inventory not received or data not complete,Inventory not received or incomplete
MI0003223,HOMER TOWNSHIP,"3,097",,,,,,,,,,,,"1,335","1,335",,43.60988488,-84.31836819,https://echo.epa.gov/detailed-facility-report?fid=MI0003223&sys=SDWIS," Inventory completed, no lead lines identified ",No lead lines
MI0003225,HOMESTEAD PINES HOMEOWNERS' ASSOCIATION,84,,,,,,,,,,,,17,17,,45.44316601,-84.8643407,https://echo.epa.gov/detailed-facility-report?fid=MI0003225&sys=SDWIS," Inventory completed, no lead lines identified ",No lead lines
MI0007103,HOMESTEAD/CRYSTAL RIVER WATER CO,"1,365",,,,,,,,,,,,203,203,,44.91114417,-85.97258151,https://echo.epa.gov/detailed-facility-report?fid=MI0007103&sys=SDWIS," Inventory completed, no lead lines identified ",No lead lines
MI0003228,HOPE NETWORK  WEST LAKE FACILITY,48,,,,,,,,,,,,12,12,2019,,,," Inventory completed, no lead lines identified ",No lead lines
MI0006773,HORSELL MANOR,25,,,,,,,,,,,,1,1,,45.14180191,-84.65421419,https://echo.epa.gov/detailed-facility-report?fid=MI0006773&sys=SDWIS," Inventory completed, no lead lines identified ",No lead lines
MI0003229,HORTON BAY CLUB,60,,,,,,,,,,,,30,30,,45.27854124,-85.07223261,https://echo.epa.gov/detailed-facility-report?fid=MI0003229&sys=SDWIS," Inventory completed, no lead lines identified ",No lead lines
MI0003230,HOUGHTON,"8,386",,,,,,,,,,,,"1,843","1,843",,47.11203963,-88.56117563,https://echo.epa.gov/detailed-facility-report?fid=MI0003230&sys=SDWIS," Inventory completed, no lead lines identified ",No lead lines
MI0003235,HOUGHTON CO MEMORIAL AIRPORT,50,,,,,,,,,,,,50,50,,,,," Inventory completed, no lead lines identified ",No lead lines
MI0003237,HOUGHTON HEIGHTS MANOR,50,,,,,,,,,,,,4,4,,44.34221556,-84.77735064,https://echo.epa.gov/detailed-facility-report?fid=MI0003237&sys=SDWIS," Inventory completed, no lead lines identified ",No lead lines
MI0003238,HOUGHTON LAKE TIMBER APTS.,48,,,,,,,,,,,,1,1,,44.30169193,-84.7042496,https://echo.epa.gov/detailed-facility-report?fid=MI0003238&sys=SDWIS," Inventory completed, no lead lines identified ",No lead lines
MI0001930,HOUGHTON TOWNSHIP,138,,,,,,,,,,,,66,66,,47.41691683,-88.28262039,https://echo.epa.gov/detailed-facility-report?fid=MI0001930&sys=SDWIS," Inventory completed, no lead lines identified ",No lead lines
MI0003240,HOWARD CITY,"1,800",,,,,,,334,,,334,0%,288,622,,43.38959506,-85.46923139,https://echo.epa.gov/detailed-facility-report?fid=MI0003240&sys=SDWIS," Not Compliant (<20% average replacement, 2021–2024) ",Not compliant
MI0003250,"HOWELL, CITY OF","10,068",23,6,,4,4,37,7,63,"1,485","1,555",2.3%,"1,356","2,911",,42.61340695,-83.94875581,https://echo.epa.gov/detailed-facility-report?fid=MI0003250&sys=SDWIS," Not Compliant (<20% average replacement, 2021–2024) ",Not compliant
MI0003280,HUDSON,"2,307",,1,3,1,3,8,30,25,760,815,1.0%,169,984,,41.8554064,-84.34600653,https://echo.epa.gov/detailed-facility-report?fid=MI0003280&sys=SDWIS," Not Compliant (<20% average replacement, 2021–2024) ",Not compliant
MI0003290,HUDSONVILLE,"7,708",,,,,,,,,,,,"2,306","2,306",,42.86285866,-85.86289463,https://echo.epa.gov/detailed-facility-report?fid=MI0003290&sys=SDWIS," Inventory completed, no lead lines identified ",No lead lines
MI0040342,HUNTERS CREEK ESTATES,125,,,,,,,,50,,50,0%,,50,,43.63126504,-85.32234544,https://echo.epa.gov/detailed-facility-report?fid=MI0040342&sys=SDWIS," Not Compliant (<20% average replacement, 2021–2024) ",Not compliant
MI0040660,HUNTERS GLEN,700,,,,,,,,,,,,425,425,,42.73628207,-85.65928812,https://echo.epa.gov/detailed-facility-report?fid=MI0040660&sys=SDWIS," Inventory completed, no lead lines identified ",No lead lines
MI0003310,HUNTINGTON WOODS,"6,200",27,4,,,3,34,,,,,100.0%,"2,499","2,499",,42.48347307,-83.16898185,https://echo.epa.gov/detailed-facility-report?fid=MI0003310&sys=SDWIS,100% replaced,100% replaced
MI0005033,HUNTMORE ESTATES,288,,,,,,,,,,,,118,118,,42.59905252,-83.75727247,https://echo.epa.gov/detailed-facility-report?fid=MI0005033&sys=SDWIS," Inventory completed, no lead lines identified ",No lead lines
MI0040448,HURON BAY RESORT,140,,,,,,,,,,,,66,66,,43.35796436,-82.53831252,https://echo.epa.gov/detailed-facility-report?fid=MI0040448&sys=SDWIS," Inventory completed, no lead lines identified ",No lead lines
MI0003315,HURON DUNES SUBDIVISION,175,,,,,,,,,,,,68,68,,43.99933217,-83.08808232,https://echo.epa.gov/detailed-facility-report?fid=MI0003315&sys=SDWIS," Inventory completed, no lead lines identified ",No lead lines
MI0003317,HURON REGIONAL WATER AUTHORITY,,,,,,,,,,,,,,,,44.03936715,-82.99816601,https://echo.epa.gov/detailed-facility-report?fid=MI0003317&sys=SDWIS,No service lines; wholesale only,No service lines; wholesale only
MI0003319,HURON SHORE REGIONAL UTILITY AUTHORITY,,,,,,,,,,,,,,,,44.29649016,-83.41202333,https://echo.epa.gov/detailed-facility-report?fid=MI0003319&sys=SDWIS,No service lines; wholesale only,No service lines; wholesale only
MI0003323,HURON TOWNSHIP,437,,,,,,,,,,,,259,259,,44.00164663,-82.77930954,https://echo.epa.gov/detailed-facility-report?fid=MI0003323&sys=SDWIS," Inventory completed, no lead lines identified ",No lead lines
MI0003320,HURON TWP,"15,879",,,,,,,,"5,053",,"5,053",0%,,"5,053",,42.14075588,-83.36005866,https://echo.epa.gov/detailed-facility-report?fid=MI0003320&sys=SDWIS," Not Compliant (<20% average replacement, 2021–2024) ",Not compliant
MI0040520,HWY M553 MOBILE ESTATES,50,,,,,,,,23,,23,0%,6,29,,,,," Not Compliant (<20% average replacement, 2021–2024) ",Not compliant
MI0040406,HYLANDER VALLEY,158,,,,,,,,,,,,63,63,,43.76228048,-86.35856581,https://echo.epa.gov/detailed-facility-report?fid=MI0040406&sys=SDWIS," Inventory completed, no lead lines identified ",No lead lines
MI0040299,IDEAL VILLA MANUFACTURED HOME COMMUNITY,266,,,,,,,,,,,,167,167,,42.97219748,-83.37049543,https://echo.epa.gov/detailed-facility-report?fid=MI0040299&sys=SDWIS," Inventory completed, no lead lines identified ",No lead lines
MI0007233,IDLEWILD GARDEN HOUSING,27,,,,,,,,,,,,24,24,,43.90043789,-85.77729566,https://echo.epa.gov/detailed-facility-report?fid=MI0007233&sys=SDWIS," Inventory completed, no lead lines identified ",No lead lines
MI0003340,"IMLAY CITY, CITY OF","3,579",3,,,,12,15,20,11,185,216,6.5%,939,"1,155",,43.01865913,-83.07681971,https://echo.epa.gov/detailed-facility-report?fid=MI0003340&sys=SDWIS," Not Compliant (<20% average replacement, 2021–2024) ",Not compliant
MI0003342,INDEPENDENCE TOWNSHIP,"11,790",,,,,,,,1,"3,492","3,493",0%,"2,952","6,445",,42.72902766,-83.389787,https://echo.epa.gov/detailed-facility-report?fid=MI0003342&sys=SDWIS," Not Compliant (<20% average replacement, 2021–2024) ",Not compliant
MI0040015,INDIAN ACRES MOBILE HOME PARK,88,,,,,,,,,,,,35,35,,,,," Inventory completed, no lead lines identified ",No lead lines
MI0040108,INDIAN RIVER MHP,28,,,,,,,,,,,,20,20,,45.38774229,-84.6317922,https://echo.epa.gov/detailed-facility-report?fid=MI0040108&sys=SDWIS," Inventory completed, no lead lines identified ",No lead lines
MI0040233,INDIAN VILLAGE,394,,,,,,,,,,,,300,300,,42.22237285,-84.3570052,https://echo.epa.gov/detailed-facility-report?fid=MI0040233&sys=SDWIS," Inventory completed, no lead lines identified ",No lead lines
MI0003360,INKSTER,"25,369",67,77,114,88,149,495,199,77,"1,792","2,068",19.3%,"6,512","8,580",2025,42.29253581,-83.31525439,https://echo.epa.gov/detailed-facility-report?fid=MI0003360&sys=SDWIS," Not Compliant (<20% average replacement, 2021–2024) ",Not compliant
MI0003362,INLAND HOUSE CONDOMINIUM ASSOCIATION,90,,,,,,,,,,,,1,1,,45.41445474,-84.86508271,https://echo.epa.gov/detailed-facility-report?fid=MI0003362&sys=SDWIS," Inventory completed, no lead lines identified ",No lead lines
MI0006680,INTERIOR TOWNSHIP,200,,,,,,,,,,,,102,102,,46.48038206,-89.00711973,https://echo.epa.gov/detailed-facility-report?fid=MI0006680&sys=SDWIS," Inventory completed, no lead lines identified ",No lead lines
MI0003365,INTERLOCHEN CENTER FOR THE ARTS,750,,,,,,,,,,,,189,189,,44.6558672,-85.77149569,https://echo.epa.gov/detailed-facility-report?fid=MI0003365&sys=SDWIS," Inventory completed, no lead lines identified ",No lead lines
MI0003370,IONIA,"12,997",,,,16,6,22,,139,"1,850","1,989",1.1%,811,"2,800",,42.97586354,-85.07363857,https://echo.epa.gov/detailed-facility-report?fid=MI0003370&sys=SDWIS," Not Compliant (<20% average replacement, 2021–2024) ",Not compliant
MI0003390,IRA TOWNSHIP,"8,679",6,4,,1,2,13,2,1,,3,81.2%,"1,396","1,399",,42.69081596,-82.66922623,https://echo.epa.gov/detailed-facility-report?fid=MI0003390&sys=SDWIS,"Compliant (≥20% average replacement, 2021–2024)",Compliant
MI0003400,IRON MOUNTAIN,"7,500",53,10,17,46,195,321,923,307,31,"1,261",20.3%,"2,313","3,574",,45.8250447,-88.06307913,https://echo.epa.gov/detailed-facility-report?fid=MI0003400&sys=SDWIS," Not Compliant (<20% average replacement, 2021–2024) ",Not compliant
MI0003410,IRON RIVER,"3,019",11,1,7,3,,22,,,,,100.0%,"1,636","1,636",,46.09178363,-88.65524595,https://echo.epa.gov/detailed-facility-report?fid=MI0003410&sys=SDWIS,100% replaced,100% replaced
MI0000550,IRON RIVER TOWNSHIPBEECHWOOD,440,,,,,,,,,,,,165,165,,46.17425095,-88.8873899,https://echo.epa.gov/detailed-facility-report?fid=MI0000550&sys=SDWIS," Inventory completed, no lead lines identified ",No lead lines
MI0004610,IRON RIVER TOWNSHIPNASH,340,,,,,,,,,,,,249,249,,46.10223743,-88.68835282,https://echo.epa.gov/detailed-facility-report?fid=MI0004610&sys=SDWIS," Inventory completed, no lead lines identified ",No lead lines
MI0005760,IRON RIVER TOWNSHIPRYDEN ROAD,290,,,,,,,,,,,,141,141,,46.11573238,-88.67671291,https://echo.epa.gov/detailed-facility-report?fid=MI0005760&sys=SDWIS," Inventory completed, no lead lines identified ",No lead lines
MI0003420,IRONWOOD,"5,387",79,43,91,164,259,636,25,144,664,833,43.3%,"2,174","3,007",,46.46314227,-90.15312204,https://echo.epa.gov/detailed-facility-report?fid=MI0003420&sys=SDWIS,"Compliant (≥20% average replacement, 2021–2024)",Compliant
MI0003430,IRONWOOD TOWNSHIP,474,1,1,1,1,1,5,,20,7,27,15.6%,383,372,,46.48803641,-90.15400041,https://echo.epa.gov/detailed-facility-report?fid=MI0003430&sys=SDWIS," Not Compliant (<20% average replacement, 2021–2024) ",Not compliant
MI0003440,ISHPEMING,"6,470",,,,1,3,4,,7,"2,198","2,205",0.2%,344,"2,549",,46.4845431,-87.67429253,https://echo.epa.gov/detailed-facility-report?fid=MI0003440&sys=SDWIS," Not Compliant (<20% average replacement, 2021–2024) ",Not compliant
MI0004775,ISHPEMING TWP  EAST,305,,,,,,,,,,,,134,134,,46.51075822,-87.67097872,https://echo.epa.gov/detailed-facility-report?fid=MI0004775&sys=SDWIS," Inventory completed, no lead lines identified ",No lead lines
MI0003450,ISHPEMING TWP  WEST,"2,148",,,,,,,126,6,68,200,0%,725,925,,46.4856987,-87.72598894,https://echo.epa.gov/detailed-facility-report?fid=MI0003450&sys=SDWIS," Not Compliant (<20% average replacement, 2021–2024) ",Not compliant
MI0003942,ISLAND LAKE APARTMENTS,65,,,,,,,,,,,,3,3,2024,,,," Inventory completed, no lead lines identified ",No lead lines
MI0003452,ISLANDVIEW HOME OWNERS ASSOCIATION,54,,,,,,,,,,,,19,19,,,,," Inventory completed, no lead lines identified ",No lead lines
MI0003460,"ITHACA, CITY OF","3,098",,8,41,11,10,70,,38,,38,64.8%,"1,102","1,140",,43.29229832,-84.60027267,https://echo.epa.gov/detailed-facility-report?fid=MI0003460&sys=SDWIS,"Compliant (≥20% average replacement, 2021–2024)",Compliant
MI0003470,JACKSON,"33,165",338,103,186,368,583,1578,"7,840",1,"3,360","11,201",12.3%,"1,292","12,493",,42.2413658,-84.3993578,https://echo.epa.gov/detailed-facility-report?fid=MI0003470&sys=SDWIS," Not Compliant (<20% average replacement, 2021–2024) ",Not compliant
MI0003475,JAMES TOWNSHIP,"2,023",,,,,,,,,,,,842,842,,43.38312331,-84.03993842,https://echo.epa.gov/detailed-facility-report?fid=MI0003475&sys=SDWIS," Inventory completed, no lead lines identified ",No lead lines
MI0003474,JAMESTOWN TOWNSHIP,"3,330",,,,,,,,,,,,"1,189","1,189",,42.83271194,-85.85136724,https://echo.epa.gov/detailed-facility-report?fid=MI0003474&sys=SDWIS," Inventory completed, no lead lines identified ",No lead lines
MI0063476,JAMIESON NURSING HOME,39,,,,,,,,,,,,1,1,,,,," Inventory completed, no lead lines identified ",No lead lines
MI0040016,JOHNSONS MOBILE VILLAGE,188,,,,,,,,,,,,74,74,,42.58665909,-86.21894369,https://echo.epa.gov/detailed-facility-report?fid=MI0040016&sys=SDWIS," Inventory completed, no lead lines identified ",No lead lines
MI0003490,JONESVILLE,"2,258",2,1,27,23,2,55,,230,204,434,11.2%,444,878,,41.97912918,-84.66439467,https://echo.epa.gov/detailed-facility-report?fid=MI0003490&sys=SDWIS," Not Compliant (<20% average replacement, 2021–2024) ",Not compliant
MI0003505,JUNIPER HILLS CONDOMINIUMS,50,,,,,,,,,,,,4,4,,44.76811436,-85.49712045,https://echo.epa.gov/detailed-facility-report?fid=MI0003505&sys=SDWIS," Inventory completed, no lead lines identified ",No lead lines
MI0003510,K I SAWYER,"3,000",,,,,5,5,3,,,3,62.5%,789,792,,46.32681412,-87.37767517,https://echo.epa.gov/detailed-facility-report?fid=MI0003510&sys=SDWIS," Not Compliant (<20% average replacement, 2021–2024) ",Not compliant
MI0003520,KALAMAZOO,"192,992",940,829,363,810,1045,3987,"4,328",286,,"4,614",46.4%,"42,326","46,940",,42.28471376,-85.58000849,https://echo.epa.gov/detailed-facility-report?fid=MI0003520&sys=SDWIS,"Compliant (≥20% average replacement, 2021–2024)",Compliant
MI0003525,KALAMAZOO LAKE SEWER & WATER AUTHORITY,"5,000",,13,18,3,,34,,,,,100.0%,61,61,,42.64957068,-86.20501183,https://echo.epa.gov/detailed-facility-report?fid=MI0003525&sys=SDWIS,100% replaced,100% replaced
MI0003545,KALCHIK ESTATES,147,,,,,,,,,,,,52,52,,45.32536158,-85.01421695,https://echo.epa.gov/detailed-facility-report?fid=MI0003545&sys=SDWIS," Inventory completed, no lead lines identified ",No lead lines
MI0003550,"KALEVA, VILLAGE OF",464,,21,24,7,5,57,1,53,149,203,21.9%,65,268,,44.36976344,-86.01178811,https://echo.epa.gov/detailed-facility-report?fid=MI0003550&sys=SDWIS,"Compliant (≥20% average replacement, 2021–2024)",Compliant
MI0003560,"KALKASKA, VILLAGE OF","2,020",,,,,,,,629,,629,0%,243,872,,44.74480385,-85.17836901,https://echo.epa.gov/detailed-facility-report?fid=MI0003560&sys=SDWIS," Not Compliant (<20% average replacement, 2021–2024) ",Not compliant
MI0040580,KAMP VILLA RV PARK,100,,,,,,,,,,,,42,42,,44.48303954,-86.11456815,https://echo.epa.gov/detailed-facility-report?fid=MI0040580&sys=SDWIS," Inventory completed, no lead lines identified ",No lead lines
MI0003563,KAREGNONDI WATER AUTHORITY,,,,,,,,,,,,,,,,43.18568098,-82.51064579,https://echo.epa.gov/detailed-facility-report?fid=MI0003563&sys=SDWIS,No service lines; wholesale only,No service lines; wholesale only
MI0003570,KAWKAWLIN METRO DIST WATER SUP,"1,480",,,,,,,,,,,,428,428,,43.67880199,-83.97575858,https://echo.epa.gov/detailed-facility-report?fid=MI0003570&sys=SDWIS," Inventory completed, no lead lines identified ",No lead lines
MI0003565,KAWKAWLIN TOWNSHIP,"3,170",,,,,,,,,,,,"1,295","1,295",,,,," Inventory completed, no lead lines identified ",No lead lines
MI0003595,"KEEGO HARBOR, CITY OF","2,733",,,,,,,,,,,,"1,049","1,049",,42.60827447,-83.3447473,https://echo.epa.gov/detailed-facility-report?fid=MI0003595&sys=SDWIS," Inventory completed, no lead lines identified ",No lead lines
MI0003598,KELLOGG BIOLOGICAL STATION,100,,,,,,,,,,,,10,10,2019,42.40899505,-85.40863805,https://echo.epa.gov/detailed-facility-report?fid=MI0003598&sys=SDWIS," Inventory completed, no lead lines identified ",No lead lines
MI0040264,KENT CITY MOBILE HOME PARK,185,,,,,,,,,,,,75,75,,43.23018126,-85.77362298,https://echo.epa.gov/detailed-facility-report?fid=MI0040264&sys=SDWIS," Inventory completed, no lead lines identified ",No lead lines
MI0003615,KENT RIDGE APARTMENTS,120,,,,,,,,,,,,2,2,2024,43.21669177,-85.74861593,https://echo.epa.gov/detailed-facility-report?fid=MI0003615&sys=SDWIS," Inventory completed, no lead lines identified ",No lead lines
MI0003620,KENTWOOD,"36,072",,,,,,,,,,,,"8,488","8,488",,42.88484157,-85.59098066,https://echo.epa.gov/detailed-facility-report?fid=MI0003620&sys=SDWIS," Inventory completed, no lead lines identified ",No lead lines
MI0040166,KEY COURT MOBILE HOME PARK,55,,,,,,,,,,,,32,32,,43.98408325,-84.35637156,https://echo.epa.gov/detailed-facility-report?fid=MI0040166&sys=SDWIS," Inventory completed, no lead lines identified ",No lead lines
MI0040276,KEY HEIGHTS MOBILE VILLAGE,715,,,,,,,,,,,,286,286,,42.93786189,-85.38736777,https://echo.epa.gov/detailed-facility-report?fid=MI0040276&sys=SDWIS," Inventory completed, no lead lines identified ",No lead lines
MI0003628,KIMBALL TOWNSHIP,"3,463",,,,,,,,,,,,,,,42.95951492,-82.53273915,https://echo.epa.gov/detailed-facility-report?fid=MI0003628&sys=SDWIS,Inventory not received or data not complete,Inventory not received or incomplete
MI0063635,KING NURSING & REHABILITATION COMMUNITY,61,,,,,,,,,,,,1,1,,44.30309665,-84.75313046,https://echo.epa.gov/detailed-facility-report?fid=MI0063635&sys=SDWIS," Inventory completed, no lead lines identified ",No lead lines
MI0040171,KINGS COURT MOBILE HOME PARK,"1,200",,,,,,,,,,,,481,481,,44.72433125,-85.60893312,https://echo.epa.gov/detailed-facility-report?fid=MI0040171&sys=SDWIS," Inventory completed, no lead lines identified ",No lead lines
MI0003640,KINGSFORD,"5,480",10,26,6,281,175,498,"1,262",162,,"1,424",25.9%,"1,030","2,454",,45.80122406,-88.08870427,https://echo.epa.gov/detailed-facility-report?fid=MI0003640&sys=SDWIS," Not Compliant (<20% average replacement, 2021–2024) ",Not compliant
MI0003650,"KINGSLEY, VILLAGE OF","1,657",2,,214,38,,254,,,,,100.0%,640,640,,44.5859795,-85.53257138,https://echo.epa.gov/detailed-facility-report?fid=MI0003650&sys=SDWIS,100% replaced,100% replaced
MI0006243,KINGSTON APARTMENTS,50,,,,,,,,,,,,1,1,,42.75239922,-83.48399329,https://echo.epa.gov/detailed-facility-report?fid=MI0006243&sys=SDWIS," Inventory completed, no lead lines identified ",No lead lines
MI0003660,"KINGSTON, VILLAGE OF",440,,,,4,,4,,,163,163,2.4%,21,184,,43.41342121,-83.18660343,https://echo.epa.gov/detailed-facility-report?fid=MI0003660&sys=SDWIS," Not Compliant (<20% average replacement, 2021–2024) ",Not compliant
MI0003630,KINROSS TOWNSHIP,"7,341",,,,,,,,,,,,"1,008","1,008",,46.26682072,-84.4586495,https://echo.epa.gov/detailed-facility-report?fid=MI0003630&sys=SDWIS," Inventory completed, no lead lines identified ",No lead lines
MI0040471,KLINES RESORT,398,,,,,,,,,,,,265,265,,42.04618829,-85.50426485,https://echo.epa.gov/detailed-facility-report?fid=MI0040471&sys=SDWIS," Inventory completed, no lead lines identified ",No lead lines
MI0003666,KNORRWOOD KNOLLS SUBDIVISION,240,,,,,,,,,,,,75,75,,42.75973581,-83.11493137,https://echo.epa.gov/detailed-facility-report?fid=MI0003666&sys=SDWIS," Inventory completed, no lead lines identified ",No lead lines
MI0003667,KOCHVILLE TOWNSHIP,"4,695",,,,,,,,,,,,850,850,,43.49573404,-83.97314698,https://echo.epa.gov/detailed-facility-report?fid=MI0003667&sys=SDWIS," Inventory completed, no lead lines identified ",No lead lines
MI0040181,KYCA COMMUNITY,73,,,,,,,,,,,,,,,41.92663652,-84.5715199,https://echo.epa.gov/detailed-facility-report?fid=MI0040181&sys=SDWIS,Inventory not received or data not complete,Inventory not received or incomplete
MI0003670,L'ANSE,"2,300",18,18,,,,36,,,,,100.0%,"1,145","1,145",,46.75395108,-88.44157265,https://echo.epa.gov/detailed-facility-report?fid=MI0003670&sys=SDWIS,100% replaced,100% replaced
MI0003685,L'ARBRE CROCHE CLUB,330,,,,,,,,,104,104,0%,8,112,2021,45.41096825,-84.90707879,https://echo.epa.gov/detailed-facility-report?fid=MI0003685&sys=SDWIS," Not Compliant (<20% average replacement, 2021–2024) ",Not compliant
MI0040277,LAEMA MOBILE HOME PARK,72,,,,,,,,,,,,31,31,,43.03660307,-85.37962432,https://echo.epa.gov/detailed-facility-report?fid=MI0040277&sys=SDWIS," Inventory completed, no lead lines identified ",No lead lines
MI0003690,LAGUNA VISTA SUBDIVISION,640,,,,,,,,,,,,200,200,,42.56395295,-83.50498084,https://echo.epa.gov/detailed-facility-report?fid=MI0003690&sys=SDWIS," Inventory completed, no lead lines identified ",No lead lines
MI0003691,LAKE ANGELA CONDO APTS #3,24,,,,,,,,,,,,1,1,,,,," Inventory completed, no lead lines identified ",No lead lines
MI0003694,LAKE ANGELA CONDO APTS #4,24,,,,,,,,,,,,1,1,,,,," Inventory completed, no lead lines identified ",No lead lines
MI0003693,LAKE ANGELA CONDO APTS #5,24,,,,,,,,,,,,1,1,,42.48487165,-83.61559057,https://echo.epa.gov/detailed-facility-report?fid=MI0003693&sys=SDWIS," Inventory completed, no lead lines identified ",No lead lines
MI0003696,LAKE ANGELA CONDO APTS #6,24,,,,,,,,,,,,1,1,,42.4847116,-83.61979867,https://echo.epa.gov/detailed-facility-report?fid=MI0003696&sys=SDWIS," Inventory completed, no lead lines identified ",No lead lines
MI0003692,LAKE ARROWHEAD ESTATES,231,,,,,,,,,,,,66,66,,41.94794548,-83.97620432,https://echo.epa.gov/detailed-facility-report?fid=MI0003692&sys=SDWIS," Inventory completed, no lead lines identified ",No lead lines
MI0003695,LAKE BELLA VISTA,"3,584",,,,,,,,,,,,"1,255","1,255",,43.09416317,-85.50928958,https://echo.epa.gov/detailed-facility-report?fid=MI0003695&sys=SDWIS," Inventory completed, no lead lines identified ",No lead lines
MI0003741,LAKE CHARTER TOWNSHIP,"4,177",,,,,,,,,,,,"1,724","1,724",,41.98407913,-86.53971959,https://echo.epa.gov/detailed-facility-report?fid=MI0003741&sys=SDWIS," Inventory completed, no lead lines identified ",No lead lines
MI0003700,"LAKE CITY, CITY OF",836,20,9,8,5,144,186,189,56,,245,43.2%,260,505,,44.33089686,-85.21356923,https://echo.epa.gov/detailed-facility-report?fid=MI0003700&sys=SDWIS," Not Compliant (<20% average replacement, 2021–2024) ",Not compliant
MI0002925,LAKE DOSTER,"1,287",,,,,,,,,,,,423,423,,42.44900958,-85.55902029,https://echo.epa.gov/detailed-facility-report?fid=MI0002925&sys=SDWIS," Inventory completed, no lead lines identified ",No lead lines
MI0040158,LAKE FENTON MOBILE HOME PARK,220,,,,,,,,,,,,25,25,,42.86420681,-83.720078,https://echo.epa.gov/detailed-facility-report?fid=MI0040158&sys=SDWIS," Inventory completed, no lead lines identified ",No lead lines
MI0040368,LAKE FOREST PARK,185,,,,,,,,74,,74,0%,,74,,43.38218035,-85.77508136,https://echo.epa.gov/detailed-facility-report?fid=MI0040368&sys=SDWIS," Not Compliant (<20% average replacement, 2021–2024) ",Not compliant
MI0003435,LAKE ISABELLA WATER DIST. #1,327,,,,,,,,,86,86,0%,32,118,2024,43.63549946,-85.00962029,https://echo.epa.gov/detailed-facility-report?fid=MI0003435&sys=SDWIS," Not Compliant (<20% average replacement, 2021–2024) ",Not compliant
MI0003720,LAKE LINDEN,"1,203",,,,,,,,,435,435,0%,143,578,,47.18769539,-88.41637135,https://echo.epa.gov/detailed-facility-report?fid=MI0003720&sys=SDWIS," Not Compliant (<20% average replacement, 2021–2024) ",Not compliant
MI0005549,LAKE MICHIGAN BEACH RESORT POTTAWATTAMIE,80,,,,,,,,,,,,2,2,,42.21349586,-86.38403959,https://echo.epa.gov/detailed-facility-report?fid=MI0005549&sys=SDWIS," Inventory completed, no lead lines identified ",No lead lines
MI0040106,LAKE MICHIGAN HEIGHTS,270,,,,,,,,,87,87,0%,26,113,,45.36829124,-85.1263277,https://echo.epa.gov/detailed-facility-report?fid=MI0040106&sys=SDWIS," Not Compliant (<20% average replacement, 2021–2024) ",Not compliant
MI0003730,LAKE ODESSA,"2,018",,,,,,,,,,,,875,875,,42.7803436,-85.13591564,https://echo.epa.gov/detailed-facility-report?fid=MI0003730&sys=SDWIS," Inventory completed, no lead lines identified ",No lead lines
MI0003740,"LAKE ORION, VILLAGE OF","2,973",25,,,2,,27,33,27,,60,31.0%,"1,340","1,400",,42.78139927,-83.24232543,https://echo.epa.gov/detailed-facility-report?fid=MI0003740&sys=SDWIS,"Compliant (≥20% average replacement, 2021–2024)",Compliant
MI0002277,LAKE PARK VILLAGE CONDOMINIUMS,900,,,,,,,,,,,,110,110,,42.89170728,-83.69362866,https://echo.epa.gov/detailed-facility-report?fid=MI0002277&sys=SDWIS," Inventory completed, no lead lines identified ",No lead lines
MI0003737,LAKE POINTE CONDOMINIUMS,74,,,,,,,,,,,,6,6,,42.21549004,-86.26758841,https://echo.epa.gov/detailed-facility-report?fid=MI0003737&sys=SDWIS," Inventory completed, no lead lines identified ",No lead lines
MI0040075,LAKECREST MOBILE COURT,52,,,,,,,,,,,,21,21,,,,," Inventory completed, no lead lines identified ",No lead lines
MI0003751,LAKESHORE CONDOMINIUMS,38,,,,,,,,,,,,1,1,,42.07801548,-84.1412156,https://echo.epa.gov/detailed-facility-report?fid=MI0003751&sys=SDWIS," Inventory completed, no lead lines identified ",No lead lines
MI0003145,LAKESHORE EAST CONDOMINIUMS,84,,,,,,,,,,,,42,42,,44.46809702,-84.67819782,https://echo.epa.gov/detailed-facility-report?fid=MI0003145&sys=SDWIS," Inventory completed, no lead lines identified ",No lead lines
MI0040034,LAKESHORE ESTATES MHP,115,,,,,,,,,,,,44,44,,45.26234056,-83.4722713,https://echo.epa.gov/detailed-facility-report?fid=MI0040034&sys=SDWIS," Inventory completed, no lead lines identified ",No lead lines
MI0003753,LAKESHORE HILLTOP APARTMENTS,93,,,,,,,,,,,,11,11,,42.7893018,-83.27738959,https://echo.epa.gov/detailed-facility-report?fid=MI0003753&sys=SDWIS," Inventory completed, no lead lines identified ",No lead lines
MI0040169,LAKESHORE VILLAGE,118,,,,,,,,,,,,47,47,,44.07687127,-84.33687594,https://echo.epa.gov/detailed-facility-report?fid=MI0040169&sys=SDWIS," Inventory completed, no lead lines identified ",No lead lines
MI0005577,LAKESHORE VILLAGE SUBDIVISION,132,,,,,,,,,,,,51,51,,42.58532947,-83.77098465,https://echo.epa.gov/detailed-facility-report?fid=MI0005577&sys=SDWIS," Inventory completed, no lead lines identified ",No lead lines
MI0001669,LAKESIDE APARTMENTS,30,,,,,,,,,,,,20,20,2021,,,," Inventory completed, no lead lines identified ",No lead lines
MI0003744,LAKESIDE CLUB CONDOMINIUMS,210,,,,,,,,,,,,14,14,,45.40116868,-84.89383894,https://echo.epa.gov/detailed-facility-report?fid=MI0003744&sys=SDWIS," Inventory completed, no lead lines identified ",No lead lines
MI0003752,LAKESIDE DEVELOPMENT,82,,,,,,,,,,,,4,4,,44.11245503,-84.43169917,https://echo.epa.gov/detailed-facility-report?fid=MI0003752&sys=SDWIS," Inventory completed, no lead lines identified ",No lead lines
MI0003742,LAKESIDE ESTATES SUBDIVISION,125,,,,,,,,,,,,52,52,,42.00332498,-85.03408887,https://echo.epa.gov/detailed-facility-report?fid=MI0003742&sys=SDWIS," Inventory completed, no lead lines identified ",No lead lines
MI0040292,LAKESIDE MOBILE HOME COMMUNITY,168,,,,,,,,,,,,40,40,,43.13202387,-85.37074973,https://echo.epa.gov/detailed-facility-report?fid=MI0040292&sys=SDWIS," Inventory completed, no lead lines identified ",No lead lines
MI0003747,LAKETOWN TOWNSHIP,"3,200",,,,,,, ,,,,,,,,42.73630994,-86.14279861,https://echo.epa.gov/detailed-facility-report?fid=MI0003747&sys=SDWIS,Inventory not received or data not complete,Inventory not received or incomplete
MI0003750,LAKEVIEW,"1,007",8,3,1,4,3,19,20,88,,108,15.0%,345,453,,43.43834018,-85.27468006,https://echo.epa.gov/detailed-facility-report?fid=MI0003750&sys=SDWIS," Not Compliant (<20% average replacement, 2021–2024) ",Not compliant
MI0003755,LAKEVIEW APARTMENTS,64,,,,,,,,,,,,8,8,,44.96941477,-84.68299001,https://echo.epa.gov/detailed-facility-report?fid=MI0003755&sys=SDWIS," Inventory completed, no lead lines identified ",No lead lines
MI0006443,LAKEVIEW APARTMENTS,50,,,,,,,,,,,,1,1,,42.65915523,-83.4456833,https://echo.epa.gov/detailed-facility-report?fid=MI0006443&sys=SDWIS," Inventory completed, no lead lines identified ",No lead lines
MI0005445,LAKEVIEW CHALET CONDOMINIUMS,50,,,,,,, ,,,,,,,2019,42.66070932,-83.44879203,https://echo.epa.gov/detailed-facility-report?fid=MI0005445&sys=SDWIS,Inventory not received or data not complete,Inventory not received or incomplete
MI0040451,LAKEVIEW ESTATES,380,,,,,,,,,,,,137,137,,42.93164364,-84.00136087,https://echo.epa.gov/detailed-facility-report?fid=MI0040451&sys=SDWIS," Inventory completed, no lead lines identified ",No lead lines
MI0040431,LAKEVIEW TRAILER PARK,70,,,,,,,,,,,,27,27,,,,," Inventory completed, no lead lines identified ",No lead lines
MI0003757,LAKEWOOD BEACH COMMUNITY SERVICES CO.,52,,,,,,,,,,,,31,31,,,,," Inventory completed, no lead lines identified ",No lead lines
MI0006935,LAKEWOOD TERRACE ASSOCIATION,36,,,,,,,,,,,,22,22,,44.95874825,-85.2415032,https://echo.epa.gov/detailed-facility-report?fid=MI0006935&sys=SDWIS," Inventory completed, no lead lines identified ",No lead lines
MI0001663,LANDINGS AT CRANES COVE,120,,,,,,,,,,,,110,110,,42.84202,-83.73423368,https://echo.epa.gov/detailed-facility-report?fid=MI0001663&sys=SDWIS," Inventory completed, no lead lines identified ",No lead lines
MI0003760,LANSING BOARD OF WATER & LIGHT,"166,000",,,,,,,,,,,,"57,339","57,339",,42.70960199,-84.55542973,https://echo.epa.gov/detailed-facility-report?fid=MI0003760&sys=SDWIS," Inventory completed, no lead lines identified ",No lead lines
MI0003770,LANSING TOWNSHIP,"5,500",,,,,,,,,,,,"2,244","2,244",,42.7535182,-84.60786034,https://echo.epa.gov/detailed-facility-report?fid=MI0003770&sys=SDWIS," Inventory completed, no lead lines identified ",No lead lines
MI0002195,LANTERN BAY TREATMENT CENTER,52,,,,,,,,,,,,4,4,,,,," Inventory completed, no lead lines identified ",No lead lines
MI0003780,"LAPEER, CITY OF","8,841",1,1,111,21,4,138,1,,,1,99.3%,"3,558","3,559",2019,43.04988225,-83.32512259,https://echo.epa.gov/detailed-facility-report?fid=MI0003780&sys=SDWIS,"Compliant (≥20% average replacement, 2021–2024)",Compliant
MI0003794,LARKIN TOWNSHIP,"2,878",,,,,,,,,,,,"1,310","1,310",,43.68813801,-84.20819023,https://echo.epa.gov/detailed-facility-report?fid=MI0003794&sys=SDWIS," Inventory completed, no lead lines identified ",No lead lines
MI0003800,LATHRUP VILLAGE,"4,075",16,5,3,6,2,32,1,,25,26,55.2%,"1,765","1,791",,42.49200741,-83.22722338,https://echo.epa.gov/detailed-facility-report?fid=MI0003800&sys=SDWIS,"Compliant (≥20% average replacement, 2021–2024)",Compliant
MI0003810,LAURIUM,"1,947",,,,,,,,,474,474,0%,614,"1,088",,47.2513648,-88.43183298,https://echo.epa.gov/detailed-facility-report?fid=MI0003810&sys=SDWIS," Not Compliant (<20% average replacement, 2021–2024) ",Not compliant
MI0003820,LAWRENCE,"1,045",1,,,1,,2,,,,,100.0%,391,391,2020,42.2141924,-86.05540188,https://echo.epa.gov/detailed-facility-report?fid=MI0003820&sys=SDWIS,100% replaced,100% replaced
MI0003830,LAWTON,"1,900",4,4,4,34,17,63,201,81,192,474,11.7%,51,525,,42.16579432,-85.84365167,https://echo.epa.gov/detailed-facility-report?fid=MI0003830&sys=SDWIS," Not Compliant (<20% average replacement, 2021–2024) ",Not compliant
MI0040308,LEE VILLA MOBILE HOME PARK,283,,,,,,,,,,,,113,113,,41.96670169,-83.96152141,https://echo.epa.gov/detailed-facility-report?fid=MI0040308&sys=SDWIS," Inventory completed, no lead lines identified ",No lead lines
MI0003829,LEELANAU CO LAW ENFORCEMENT CENTER,75,,,,,,,,,,,,2,2,,,,," Inventory completed, no lead lines identified ",No lead lines
MI0040311,LEFFINGWELL ESTATES,210,,,,,,,,,,,,2,2,,41.84416971,-84.35822993,https://echo.epa.gov/detailed-facility-report?fid=MI0040311&sys=SDWIS," Inventory completed, no lead lines identified ",No lead lines
MI0040279,LEISURE VILLAGE,365,,,,,,,,,,,,259,259,,43.06032627,-85.55309492,https://echo.epa.gov/detailed-facility-report?fid=MI0040279&sys=SDWIS," Inventory completed, no lead lines identified ",No lead lines
MI0003836,LENOX TOWNSHIP,"3,000",,,,,,,,,,,,184,184,,,,," Inventory completed, no lead lines identified ",No lead lines
MI0003837,LEONI TOWNSHIP,"2,408",,,,,,,,,,,,757,757,,42.23245716,-84.33603259,https://echo.epa.gov/detailed-facility-report?fid=MI0003837&sys=SDWIS," Inventory completed, no lead lines identified ",No lead lines
MI0003840,"LESLIE, CITY OF","1,872",11,,21,21,12,65,81,1,,82,44.2%,693,775,2022,42.45046163,-84.43008281,https://echo.epa.gov/detailed-facility-report?fid=MI0003840&sys=SDWIS,"Compliant (≥20% average replacement, 2021–2024)",Compliant
MI0003850,"LEXINGTON, VILLAGE OF","1,178",,,,,,,,,,,,823,823,,43.26717936,-82.53646913,https://echo.epa.gov/detailed-facility-report?fid=MI0003850&sys=SDWIS," Inventory completed, no lead lines identified ",No lead lines
MI0040227,LILLY BANK LANE,10,,,,,,,,,,,,21,21,,,,," Inventory completed, no lead lines identified ",No lead lines
MI0040001,LINCOLN ESTATES,48,,,,,,,,,,,,21,21,,44.66518386,-83.40606657,https://echo.epa.gov/detailed-facility-report?fid=MI0040001&sys=SDWIS," Inventory completed, no lead lines identified ",No lead lines
MI0063865,LINCOLN HAVEN NURSING & REHABILITATION,39,,,,,,,,,,,,1,1,,44.84354067,-83.40543819,https://echo.epa.gov/detailed-facility-report?fid=MI0063865&sys=SDWIS," Inventory completed, no lead lines identified ",No lead lines
MI0003868,LINCOLN MANOR,30,,,,,,,,,,,,3,3,,44.68343206,-83.4128058,https://echo.epa.gov/detailed-facility-report?fid=MI0003868&sys=SDWIS," Inventory completed, no lead lines identified ",No lead lines
MI0003870,LINCOLN PARK,"38,144",75,108,79,7,1481,1750,"2,647",,,"2,647",39.8%,"12,684","15,331",,42.24323348,-83.18122206,https://echo.epa.gov/detailed-facility-report?fid=MI0003870&sys=SDWIS," Not Compliant (<20% average replacement, 2021–2024) ",Not compliant
MI0040586,LINCOLN PINES,390,,,,,,,,,,,,162,162,,43.00830451,-85.70011994,https://echo.epa.gov/detailed-facility-report?fid=MI0040586&sys=SDWIS," Inventory completed, no lead lines identified ",No lead lines
MI0040098,LINDEN MOBILE HOME PARK,92,,,,,,,,,,,,57,57,,41.76295631,-85.95257016,https://echo.epa.gov/detailed-facility-report?fid=MI0040098&sys=SDWIS," Inventory completed, no lead lines identified ",No lead lines
MI0040145,LINDEN PLACE MOBILE HOME PARK,236,,,,,,,,,,,,162,162,,42.96643387,-83.77888213,https://echo.epa.gov/detailed-facility-report?fid=MI0040145&sys=SDWIS," Inventory completed, no lead lines identified ",No lead lines
MI0003890,"LINDEN, CITY OF","4,150",,,,,,,,,,,,"1,310","1,310",,42.81803584,-83.78316317,https://echo.epa.gov/detailed-facility-report?fid=MI0003890&sys=SDWIS," Inventory completed, no lead lines identified ",No lead lines
MI0003910,LINWOOD METROPOLITAN DISTRICT,909,,,,,,,,,,,,383,383,,43.7324694,-83.96337568,https://echo.epa.gov/detailed-facility-report?fid=MI0003910&sys=SDWIS," Inventory completed, no lead lines identified ",No lead lines
MI0003920,LITCHFIELD,"1,310",,,,,,,,,,,,574,574,,42.04073136,-84.75768666,https://echo.epa.gov/detailed-facility-report?fid=MI0003920&sys=SDWIS," Inventory completed, no lead lines identified ",No lead lines
MI0003927,LITTLE TRAVERSE TOWNSHIP,"1,102",,,,,,,,,,,,421,421,,45.42666261,-84.92459794,https://echo.epa.gov/detailed-facility-report?fid=MI0003927&sys=SDWIS," Inventory completed, no lead lines identified ",No lead lines
MI0003929,LIVINGSTON COMMUNITY WATER AUTHORITY,"4,152",,,,,,,,,,,,"1,047","1,047",,42.47886545,-83.78007447,https://echo.epa.gov/detailed-facility-report?fid=MI0003929&sys=SDWIS," Inventory completed, no lead lines identified ",No lead lines
MI0003930,LIVONIA,"96,942",20,20,16,32,214,302,134,31,"29,973","30,138",1.0%,"8,069","38,207",2024,42.39697131,-83.37020576,https://echo.epa.gov/detailed-facility-report?fid=MI0003930&sys=SDWIS," Not Compliant (<20% average replacement, 2021–2024) ",Not compliant
MI0003940,LOCH ALPINE SANITARY AUTHORITY,"1,506",,,,,,,,,98,98,0%,437,535,2023,42.3385113,-83.82603375,https://echo.epa.gov/detailed-facility-report?fid=MI0003940&sys=SDWIS," Not Compliant (<20% average replacement, 2021–2024) ",Not compliant
MI0003943,LOCKPORT TOWNSHIP,"1,778",,,,,,,,,,,,277,277,,41.97642767,-85.61996348,https://echo.epa.gov/detailed-facility-report?fid=MI0003943&sys=SDWIS," Inventory completed, no lead lines identified ",No lead lines
MI0040209,LONG LAKE MOBILE HOME ESTATES,68,,,,,,,,,,,,27,27,,43.10706493,-85.12897505,https://echo.epa.gov/detailed-facility-report?fid=MI0040209&sys=SDWIS," Inventory completed, no lead lines identified ",No lead lines
MI0003947,LONG LAKE VILLAGE SUBDIVISION,273,,,,,,,,,,,,95,95,,42.87361313,-83.41276449,https://echo.epa.gov/detailed-facility-report?fid=MI0003947&sys=SDWIS," Inventory completed, no lead lines identified ",No lead lines
MI0003946,LOOKING GLASS TERRACES APTS.,31,,,,,,,,,,,,3,3,,42.89219066,-84.3466914,https://echo.epa.gov/detailed-facility-report?fid=MI0003946&sys=SDWIS," Inventory completed, no lead lines identified ",No lead lines
MI0040151,LOON LAKE MOBILE HOME PARK,90,,,,,,,,,,,,10,10,,,,," Inventory completed, no lead lines identified ",No lead lines
MI0003950,LOWELL,"4,150",3,3,29,32,36,103,11,69,509,589,14.9%,805,"1,394",,42.93685885,-85.35064088,https://echo.epa.gov/detailed-facility-report?fid=MI0003950&sys=SDWIS," Not Compliant (<20% average replacement, 2021–2024) ",Not compliant
MI0003955,LOWELL TOWNSHIP,"1,958",,,,,,,,,,,,928,928,,42.88531277,-85.37190856,https://echo.epa.gov/detailed-facility-report?fid=MI0003955&sys=SDWIS," Inventory completed, no lead lines identified ",No lead lines
MI0003960,LUDINGTON,"8,184",95,65,68,49,37,314,1,"1,301","1,556","2,858",9.9%,"1,095","3,953",,43.95553567,-86.43670166,https://echo.epa.gov/detailed-facility-report?fid=MI0003960&sys=SDWIS," Not Compliant (<20% average replacement, 2021–2024) ",Not compliant
MI0003966,LYNX GOLF VIEW,40,,,,,,,,,,,,6,6,,,,," Inventory completed, no lead lines identified ",No lead lines
MI0003968,LYON TOWNSHIP,"9,390",,,,,,,3,,67,70,0%,"4,598","4,668",,42.4849164,-83.59358297,https://echo.epa.gov/detailed-facility-report?fid=MI0003968&sys=SDWIS," Not Compliant (<20% average replacement, 2021–2024) ",Not compliant
MI0003967,LYONS,789,,,,,,,,,,,,318,318,,42.98158078,-84.94277249,https://echo.epa.gov/detailed-facility-report?fid=MI0003967&sys=SDWIS," Inventory completed, no lead lines identified ",No lead lines
MI0001692,MACK. CO. HOUSINGCURTIS,50,,,,,,, ,,,,,,,,46.20499418,-85.74888388,https://echo.epa.gov/detailed-facility-report?fid=MI0001692&sys=SDWIS,Inventory not received or data not complete,Inventory not received or incomplete
MI0002145,MACK. CO. HOUSINGENGADINE,50,,,,,,, ,,,,,,,,46.1239117,-85.51125721,https://echo.epa.gov/detailed-facility-report?fid=MI0002145&sys=SDWIS,Inventory not received or data not complete,Inventory not received or incomplete
MI0003970,MACKINAC ISLAND,583,,,,,1,1,,,8,8,11.1%,106,114,,45.86011547,-84.63188855,https://echo.epa.gov/detailed-facility-report?fid=MI0003970&sys=SDWIS," Not Compliant (<20% average replacement, 2021–2024) ",Not compliant
MI0003980,"MACKINAW CITY, VILLAGE OF",897,,1,5,5,5,16,31,46,,77,17.2%,487,564,,45.77814983,-84.73207385,https://echo.epa.gov/detailed-facility-report?fid=MI0003980&sys=SDWIS," Not Compliant (<20% average replacement, 2021–2024) ",Not compliant
MI0003990,MACOMB TOWNSHIP,"90,000",,,,,,,,,,,,"31,034","31,034",,42.66733754,-82.92339132,https://echo.epa.gov/detailed-facility-report?fid=MI0003990&sys=SDWIS," Inventory completed, no lead lines identified ",No lead lines
MI0004000,MADISON HEIGHTS,"29,694",8,7,7,6,21,49,232,,15,247,16.6%,"11,202","11,449",2025,42.50889271,-83.10372348,https://echo.epa.gov/detailed-facility-report?fid=MI0004000&sys=SDWIS," Not Compliant (<20% average replacement, 2021–2024) ",Not compliant
MI0004006,MADISON TOWNSHIP,"3,480",,,,,,,,,,,,"1,258","1,258",,41.87480114,-84.04006971,https://echo.epa.gov/detailed-facility-report?fid=MI0004006&sys=SDWIS," Inventory completed, no lead lines identified ",No lead lines
MI0001545,MAIN STREET APARTMENTS,48,,,,,,,,,,,,5,5,,42.7847578,-83.01069517,https://echo.epa.gov/detailed-facility-report?fid=MI0001545&sys=SDWIS," Inventory completed, no lead lines identified ",No lead lines
MI0062955,MAJESTIC CARE OF FLUSHING,150,,,,,,, ,,,,,,,,,,,Inventory not received or data not complete,Inventory not received or incomplete
MI0005180,MAN NOR FARMS SUBDIVISION,193,,,,,,,,1,42,43,0%,11,54,,41.86966675,-83.9652744,https://echo.epa.gov/detailed-facility-report?fid=MI0005180&sys=SDWIS," Not Compliant (<20% average replacement, 2021–2024) ",Not compliant
MI0004010,MANCELONA AREA WATER AND SEWER AUTHORITY,"3,900",27,9,8,14,21,79,,334,,334,19.1%,"1,155","1,489",,44.89514997,-85.07020047,https://echo.epa.gov/detailed-facility-report?fid=MI0004010&sys=SDWIS," Not Compliant (<20% average replacement, 2021–2024) ",Not compliant
MI0006568,MANCELONA AREA WSA  THE CHIEF,40,,,,,,,,,,,,23,23,,,,," Inventory completed, no lead lines identified ",No lead lines
MI0004020,MANCHESTER,"2,150",12,13,20,57,,102,38,19,1,58,63.7%,759,817,2021,42.14936361,-84.03553306,https://echo.epa.gov/detailed-facility-report?fid=MI0004020&sys=SDWIS,"Compliant (≥20% average replacement, 2021–2024)",Compliant
MI0040332,MANISTEE FOREST PINES ESTATES,174,,,,,,,,,,,,75,75,,,,," Inventory completed, no lead lines identified ",No lead lines
MI0004030,"MANISTEE, CITY OF","6,200",3,4,19,23,27,76,257,541,,798,8.7%,"2,412","3,210",2021,44.24892935,-86.3126597,https://echo.epa.gov/detailed-facility-report?fid=MI0004030&sys=SDWIS," Not Compliant (<20% average replacement, 2021–2024) ",Not compliant
MI0004040,MANISTIQUE,"3,197",12,4,6,7,5,34,,81,685,766,4.2%,696,"1,462",,45.95111113,-86.26088794,https://echo.epa.gov/detailed-facility-report?fid=MI0004040&sys=SDWIS," Not Compliant (<20% average replacement, 2021–2024) ",Not compliant
MI0004042,MANITOU LAKE APARTMENTS,75,,,,,,,,,,,,2,2,,42.79316652,-83.26992582,https://echo.epa.gov/detailed-facility-report?fid=MI0004042&sys=SDWIS," Inventory completed, no lead lines identified ",No lead lines
MI0004050,"MANTON, CITY OF","1,287",,1,5,3,4,13,,102,247,349,3.6%,189,538,,44.40919838,-85.3979619,https://echo.epa.gov/detailed-facility-report?fid=MI0004050&sys=SDWIS," Not Compliant (<20% average replacement, 2021–2024) ",Not compliant
MI0004053,MAPLE GROVE APARTMENTS,28,,,,,,,,,,,,24,24,,44.31815228,-84.65350855,https://echo.epa.gov/detailed-facility-report?fid=MI0004053&sys=SDWIS," Inventory completed, no lead lines identified ",No lead lines
MI0040020,MAPLE GROVE ESTATES,115,,,,,,,,,,,,46,46,,42.73134029,-85.71080555,https://echo.epa.gov/detailed-facility-report?fid=MI0040020&sys=SDWIS," Inventory completed, no lead lines identified ",No lead lines
MI0040361,MAPLE ISLAND ESTATES,320,,,,,,,,,,,,90,90,,43.26235982,-86.06491727,https://echo.epa.gov/detailed-facility-report?fid=MI0040361&sys=SDWIS," Inventory completed, no lead lines identified ",No lead lines
MI0040123,MAPLE KNOLL,125,,,,,,,,,,,,50,50,2018,42.58625941,-84.8049764,https://echo.epa.gov/detailed-facility-report?fid=MI0040123&sys=SDWIS," Inventory completed, no lead lines identified ",No lead lines
MI0040216,MAPLE LEAF VILLAGE,50,,,,,,,,,,,,21,21,,,,," Inventory completed, no lead lines identified ",No lead lines
MI0004060,"MAPLE RAPIDS, VILLAGE OF",643,,,,,,,,247,,247,0%,66,313,,43.10306806,-84.68920923,https://echo.epa.gov/detailed-facility-report?fid=MI0004060&sys=SDWIS," Not Compliant (<20% average replacement, 2021–2024) ",Not compliant
MI0004063,MAPLE RIDGE TOWNSHIP,250,,,,,,,,,,,,110,110,,46.06903315,-87.16667883,https://echo.epa.gov/detailed-facility-report?fid=MI0004063&sys=SDWIS," Inventory completed, no lead lines identified ",No lead lines
MI0064067,MAPLE VALLEY NURSING HOME,25,,,,,,,,,,,,1,1,,44.85136837,-85.8366196,https://echo.epa.gov/detailed-facility-report?fid=MI0064067&sys=SDWIS," Inventory completed, no lead lines identified ",No lead lines
MI0040217,MAPLEVIEW ESTATES,93,,,,,,,,,,,,37,37,,43.63408944,-84.631026,https://echo.epa.gov/detailed-facility-report?fid=MI0040217&sys=SDWIS," Inventory completed, no lead lines identified ",No lead lines
MI0040219,MAPLEVIEW ESTATES EAST,220,,,,,,,,,,,,99,99,,43.61974648,-84.61822317,https://echo.epa.gov/detailed-facility-report?fid=MI0040219&sys=SDWIS," Inventory completed, no lead lines identified ",No lead lines
MI0064070,MAPLEVIEW NURSING HOME,45,,,,,,,,,,,,3,3,,43.22862301,-84.68205701,https://echo.epa.gov/detailed-facility-report?fid=MI0064070&sys=SDWIS," Inventory completed, no lead lines identified ",No lead lines
MI0004419,MAPLEWOOD AND STONE MANORS,60,,,,,,,,,,,,5,5,,44.4140031,-83.84963173,https://echo.epa.gov/detailed-facility-report?fid=MI0004419&sys=SDWIS," Inventory completed, no lead lines identified ",No lead lines
MI0004069,MAPLEWOOD RIDGE CONDOMINIUMS,80,,,,,,,,,,,,8,8,,45.02482372,-85.33034902,https://echo.epa.gov/detailed-facility-report?fid=MI0004069&sys=SDWIS," Inventory completed, no lead lines identified ",No lead lines
MI0040071,MARBLE LAKE RESORT & MARINA,72,,,,,,,,,,,,2,2,,41.91330251,-84.89695065,https://echo.epa.gov/detailed-facility-report?fid=MI0040071&sys=SDWIS," Inventory completed, no lead lines identified ",No lead lines
MI0004070,MARCELLUS,"1,198",,,126,223,,349,,,,,100.0%,479,479,,42.02510451,-85.81310169,https://echo.epa.gov/detailed-facility-report?fid=MI0004070&sys=SDWIS,100% replaced,100% replaced
MI0004080,MARENISCO TOWNSHIP,430,,,,,,,,,,,,182,182,,46.35992672,-89.6994077,https://echo.epa.gov/detailed-facility-report?fid=MI0004080&sys=SDWIS," Inventory completed, no lead lines identified ",No lead lines
MI0004090,MARINE CITY,"4,652",26,20,,6,92,144,38,23,4,65,68.9%,"1,837","1,902",,42.72348146,-82.50095539,https://echo.epa.gov/detailed-facility-report?fid=MI0004090&sys=SDWIS,"Compliant (≥20% average replacement, 2021–2024)",Compliant
MI0004100,"MARION, VILLAGE OF",800,1,,,5,2,8,4,26,,30,21.1%,402,432,,44.10312869,-85.14808533,https://echo.epa.gov/detailed-facility-report?fid=MI0004100&sys=SDWIS," Not Compliant (<20% average replacement, 2021–2024) ",Not compliant
MI0004110,"MARLETTE, CITY OF","1,875",5,,,,,5,30,5,753,788,0.6%,143,931,,43.32789857,-83.08016198,https://echo.epa.gov/detailed-facility-report?fid=MI0004110&sys=SDWIS," Not Compliant (<20% average replacement, 2021–2024) ",Not compliant
MI0040100,MARLIN VILLAGE MOBILE HOME PARK,95,,,,,,,,,,,,38,,,41.84573682,-86.14638352,https://echo.epa.gov/detailed-facility-report?fid=MI0040100&sys=SDWIS,Inventory not received or data not complete,Inventory not received or incomplete
MI0004120,MARQUETTE,"20,629",106,,,,,106,,,543,543,16.3%,"5,660","6,203",2025,46.54414589,-87.40781033,https://echo.epa.gov/detailed-facility-report?fid=MI0004120&sys=SDWIS," Not Compliant (<20% average replacement, 2021–2024) ",Not compliant
MI0004025,MARQUETTE COUNTY CORRECTIONS CENTER,95,,,,,,,,,,,,1,1,,,,," Inventory completed, no lead lines identified ",No lead lines
MI0004140,MARQUETTE TOWNSHIP,"2,700",,,,,,,,,,,,231,231,,46.55592776,-87.45538164,https://echo.epa.gov/detailed-facility-report?fid=MI0004140&sys=SDWIS," Inventory completed, no lead lines identified ",No lead lines
MI0004150,MARSHALL,"7,088",6,25,4,1,15,51,53,30,177,260,16.4%,"2,549","2,809",,42.27420626,-84.98306272,https://echo.epa.gov/detailed-facility-report?fid=MI0004150&sys=SDWIS," Not Compliant (<20% average replacement, 2021–2024) ",Not compliant
MI0004155,MARTIN,785,,,,,,,,,,,,191,191,,42.52305331,-85.62901166,https://echo.epa.gov/detailed-facility-report?fid=MI0004155&sys=SDWIS," Inventory completed, no lead lines identified ",No lead lines
MI0004160,"MARYSVILLE, CITY OF","9,959",12,,4,5,17,38,6,,992,998,3.7%,"2,914","3,912",,42.91088899,-82.48266638,https://echo.epa.gov/detailed-facility-report?fid=MI0004160&sys=SDWIS," Not Compliant (<20% average replacement, 2021–2024) ",Not compliant
MI0040197,MASON MANOR,630,,,,,,,,,,,,267,267,,42.51786769,-84.44022744,https://echo.epa.gov/detailed-facility-report?fid=MI0040197&sys=SDWIS," Inventory completed, no lead lines identified ",No lead lines
MI0040200,"MASON MOBILE, LLC",88,,,,,,, ,,,,,,,,42.61247986,-84.40201447,https://echo.epa.gov/detailed-facility-report?fid=MI0040200&sys=SDWIS,Inventory not received or data not complete,Inventory not received or incomplete
MI0004170,"MASON, CITY OF","8,252",5,27,13,28,42,115,415,,,415,21.7%,"2,102","2,517",,42.58059893,-84.44274564,https://echo.epa.gov/detailed-facility-report?fid=MI0004170&sys=SDWIS," Not Compliant (<20% average replacement, 2021–2024) ",Not compliant
MI0004173,MASONVILLE TOWNSHIP,25,,,,,,,,,,,,2,2,,45.92441141,-86.96784432,https://echo.epa.gov/detailed-facility-report?fid=MI0004173&sys=SDWIS," Inventory completed, no lead lines identified ",No lead lines
MI0004152,MATHIAS TOWNSHIP,175,,,,,,,,,,,,70,70,,46.19474541,-86.95179196,https://echo.epa.gov/detailed-facility-report?fid=MI0004152&sys=SDWIS," Inventory completed, no lead lines identified ",No lead lines
MI0004177,MATTAWAN,"2,037",,,,,,,,,,,,710,710,,42.22896241,-85.79699115,https://echo.epa.gov/detailed-facility-report?fid=MI0004177&sys=SDWIS," Inventory completed, no lead lines identified ",No lead lines
MI0004180,"MAYVILLE, VILLAGE OF",950,9,,,,,9,,,9,9,50.0%,409,418,,43.33586342,-83.35417928,https://echo.epa.gov/detailed-facility-report?fid=MI0004180&sys=SDWIS,"Compliant (≥20% average replacement, 2021–2024)",Compliant
MI0004190,"MCBAIN, CITY OF",640,66,60,,,,126,,,,,100.0%,256,256,,44.19453809,-85.21182993,https://echo.epa.gov/detailed-facility-report?fid=MI0004190&sys=SDWIS,100% replaced,100% replaced
MI0002200,MCMILLAN TOWNSHIP,391,,,,,,,,,28,28,0%,129,157,,46.53452611,-89.25976188,https://echo.epa.gov/detailed-facility-report?fid=MI0002200&sys=SDWIS," Not Compliant (<20% average replacement, 2021–2024) ",Not compliant
MI0006375,MCTI,460,,,,,,,,,,,,1,1,,42.55472234,-85.52367675,https://echo.epa.gov/detailed-facility-report?fid=MI0006375&sys=SDWIS," Inventory completed, no lead lines identified ",No lead lines
MI0006377,MCTI FAMILY HOUSING,40,,,,,,,,,,,,2,2,,42.50385419,-85.51725845,https://echo.epa.gov/detailed-facility-report?fid=MI0006377&sys=SDWIS," Inventory completed, no lead lines identified ",No lead lines
MI0040612,MEADOW LAKE ESTATES MHC,"1,060",,,,,,,,,,,,416,416,,42.69554115,-83.56263232,https://echo.epa.gov/detailed-facility-report?fid=MI0040612&sys=SDWIS," Inventory completed, no lead lines identified ",No lead lines
MI0040061,MEADOW STREAMS ESTATES,293,,,,,,,,,,,,161,161,,42.06190519,-86.3970581,https://echo.epa.gov/detailed-facility-report?fid=MI0040061&sys=SDWIS," Inventory completed, no lead lines identified ",No lead lines
MI0060675,MEADOW WOODS N/R CENTER,78,,,,,,,,,,,,1,1,2021,42.42306953,-85.93539165,https://echo.epa.gov/detailed-facility-report?fid=MI0060675&sys=SDWIS," Inventory completed, no lead lines identified ",No lead lines
MI0064213,MEADOWBROOK MED CARE FACILITY,154,,,,,,,,,,,,2,2,,,,," Inventory completed, no lead lines identified ",No lead lines
MI0040172,MEADOWLANE MOBILE HOME PARK,650,,,,,,,,,,,,483,483,,44.69903602,-85.66229236,https://echo.epa.gov/detailed-facility-report?fid=MI0040172&sys=SDWIS," Inventory completed, no lead lines identified ",No lead lines
MI0062841,MEDILODGE OF STERLING,39,,,,,,,,,,,,3,,2025,44.03350757,-84.02401849,https://echo.epa.gov/detailed-facility-report?fid=MI0062841&sys=SDWIS,Inventory not received or data not complete,Inventory not received or incomplete
MI0004215,"MELROSECHANDLER WATER, LLC",261,,,,,,,,,,,,84,84,2018,45.24922114,-84.8595562,https://echo.epa.gov/detailed-facility-report?fid=MI0004215&sys=SDWIS," Inventory completed, no lead lines identified ",No lead lines
MI0004220,MELVINDALE,"12,851",53,244,407,39,489,1232,8,1,"2,750","2,759",30.9%,"1,135","3,894",2019,42.27994146,-83.17823645,https://echo.epa.gov/detailed-facility-report?fid=MI0004220&sys=SDWIS,"Compliant (≥20% average replacement, 2021–2024)",Compliant
MI0040470,MEMORY LANE MOBILE HOME PARK,340,,,,,,,,,,,,200,200,,41.79350708,-85.46430148,https://echo.epa.gov/detailed-facility-report?fid=MI0040470&sys=SDWIS," Inventory completed, no lead lines identified ",No lead lines
MI0004230,"MEMPHIS, CITY OF","1,084",,,,,,,,,,,,441,441,,42.8951107,-82.76936384,https://echo.epa.gov/detailed-facility-report?fid=MI0004230&sys=SDWIS," Inventory completed, no lead lines identified ",No lead lines
MI0004240,MENDON,920,,,4,16,3,23,96,18,,114,16.8%,240,357,,42.0082855,-85.45327264,https://echo.epa.gov/detailed-facility-report?fid=MI0004240&sys=SDWIS," Not Compliant (<20% average replacement, 2021–2024) ",Not compliant
MI0004250,MENOMINEE,"8,583",35,73,89,74,12,283,190,470,200,860,24.8%,"3,281","4,141",,45.12262876,-87.61885731,https://echo.epa.gov/detailed-facility-report?fid=MI0004250&sys=SDWIS,"Compliant (≥20% average replacement, 2021–2024)",Compliant
MI0004260,MERIDIAN TOWNSHIP,"25,600",,,,,,,,,,,,"13,072","13,072",,42.72701466,-84.42037695,https://echo.epa.gov/detailed-facility-report?fid=MI0004260&sys=SDWIS," Inventory completed, no lead lines identified ",No lead lines
MI0004276,"MERRILL, VILLAGE OF",695,,,,,,,,,,,,380,380,,43.40743482,-84.33505284,https://echo.epa.gov/detailed-facility-report?fid=MI0004276&sys=SDWIS," Inventory completed, no lead lines identified ",No lead lines
MI0004280,MERRITT TOWNSHIP,"1,474",,,,,,,,,,,,578,578,,,,," Inventory completed, no lead lines identified ",No lead lines
MI0004310,"MESICK, VILLAGE OF",397,,,,,,,,47,,47,0%,136,183,,44.40191007,-85.71426808,https://echo.epa.gov/detailed-facility-report?fid=MI0004310&sys=SDWIS," Not Compliant (<20% average replacement, 2021–2024) ",Not compliant
MI0004312,"METAMORA, VILLAGE OF",565,,,,,,,,,,,,233,233,,42.94101957,-83.28796825,https://echo.epa.gov/detailed-facility-report?fid=MI0004312&sys=SDWIS," Inventory completed, no lead lines identified ",No lead lines
MI0004098,MHOG SEWER & WATER AUTHORITY,"17,046",,,,,,,,,,,,"6,073","6,073",,42.61479867,-83.96423575,https://echo.epa.gov/detailed-facility-report?fid=MI0004098&sys=SDWIS," Inventory completed, no lead lines identified ",No lead lines
MI0004320,MICHIANA,182,,,,,,,,,,,,390,390,,,,," Inventory completed, no lead lines identified ",No lead lines
MI0040472,MICHIANA MOBILE HOME PARK,100,,,,,,,,,,,,,,,41.9182995,-85.44938666,https://echo.epa.gov/detailed-facility-report?fid=MI0040472&sys=SDWIS,Inventory not received or data not complete,Inventory not received or incomplete
MI0040226,MICHIGAN AVENUE ESTATES,75,,,,,,, ,,,,,,,,42.25417693,-84.46612893,https://echo.epa.gov/detailed-facility-report?fid=MI0040226&sys=SDWIS,Inventory not received or data not complete,Inventory not received or incomplete
MI0004340,MICHIGAN STATE UNIVERSITY,"12,793",,,,,,,,,,,,339,339,2023,42.69915974,-84.46203894,https://echo.epa.gov/detailed-facility-report?fid=MI0004340&sys=SDWIS," Inventory completed, no lead lines identified ",No lead lines
MI0004360,MIDDLEVILLE,"3,309",10,2,6,30,24,72,73,123,,196,26.9%,"1,103","1,299",,42.71372212,-85.46928917,https://echo.epa.gov/detailed-facility-report?fid=MI0004360&sys=SDWIS,"Compliant (≥20% average replacement, 2021–2024)",Compliant
MI0004377,MIDLAND CHARTER TOWNSHIP,"1,348",,,,,,,,,,,,639,639,,43.5764146,-84.20874264,https://echo.epa.gov/detailed-facility-report?fid=MI0004377&sys=SDWIS," Inventory completed, no lead lines identified ",No lead lines
MI0004375,"MIDLAND CO., WATER DIST. NO. 1 OF","11,000",,,,,,,,,,,,"4,971","4,971",,43.68974163,-84.38015069,https://echo.epa.gov/detailed-facility-report?fid=MI0004375&sys=SDWIS," Inventory completed, no lead lines identified ",No lead lines
MI0004370,"MIDLAND, CITY OF","42,547",,,2,,4,6,,76,"1,070","1,146",0.5%,"15,296","16,442",,43.64111918,-84.23583097,https://echo.epa.gov/detailed-facility-report?fid=MI0004370&sys=SDWIS," Not Compliant (<20% average replacement, 2021–2024) ",Not compliant
MI0007015,"MIDTOWN FLATS, LLC",218,,,,,,,,,,,,,,,42.23546308,-83.58507289,https://echo.epa.gov/detailed-facility-report?fid=MI0007015&sys=SDWIS,Inventory not received or data not complete,Inventory not received or incomplete
MI0004380,MILAN,"7,363",7,14,12,9,16,58,4,24,"1,565","1,593",3.5%,"1,265","2,858",,42.08451,-83.68051523,https://echo.epa.gov/detailed-facility-report?fid=MI0004380&sys=SDWIS," Not Compliant (<20% average replacement, 2021–2024) ",Not compliant
MI0004390,"MILFORD, VILLAGE OF","6,366",6,3,24,31,17,81,1,83,,84,49.1%,"2,402","2,486",,42.59119795,-83.58188861,https://echo.epa.gov/detailed-facility-report?fid=MI0004390&sys=SDWIS,"Compliant (≥20% average replacement, 2021–2024)",Compliant
MI0006631,MILL STREET 1 LDHA,74,,,,,,,,,,,,5,5,,45.5523611,-84.78317779,https://echo.epa.gov/detailed-facility-report?fid=MI0006631&sys=SDWIS," Inventory completed, no lead lines identified ",No lead lines
MI0004397,"MILLERSBURG, VILLAGE OF",206,,,,,,,,,,,,104,104,,45.34532019,-84.06886404,https://echo.epa.gov/detailed-facility-report?fid=MI0004397&sys=SDWIS," Inventory completed, no lead lines identified ",No lead lines
MI0004400,"MILLINGTON, VILLAGE OF","1,072",,,,,,,,,250,250,0%,228,478,,43.2805661,-83.52798129,https://echo.epa.gov/detailed-facility-report?fid=MI0004400&sys=SDWIS," Not Compliant (<20% average replacement, 2021–2024) ",Not compliant
MI0004403,MILLPOINTE OF HARTLAND,724,,,,,,,,,,,,206,206,,42.6245594,-83.76063767,https://echo.epa.gov/detailed-facility-report?fid=MI0004403&sys=SDWIS," Inventory completed, no lead lines identified ",No lead lines
MI0004404,MILLS TOWNSHIP,450,,,,,,,,,,,,219,219,2021,,,," Inventory completed, no lead lines identified ",No lead lines
MI0004410,"MINDEN CITY, VILLAGE OF",197,,,,,,,,,,,,107,107,,43.67468831,-82.77680017,https://echo.epa.gov/detailed-facility-report?fid=MI0004410&sys=SDWIS," Inventory completed, no lead lines identified ",No lead lines
MI0062658,MISSION POINT HEALTHCARE,86,,,,,,,,,,,,1,1,,43.0048939,-85.81342968,https://echo.epa.gov/detailed-facility-report?fid=MI0062658&sys=SDWIS," Inventory completed, no lead lines identified ",No lead lines
MI0004428,MISTY COVE SENIOR APARTMENTS,66,,,,,,,,,,,,1,1,,42.64239141,-84.63980311,https://echo.epa.gov/detailed-facility-report?fid=MI0004428&sys=SDWIS," Inventory completed, no lead lines identified ",No lead lines
MI0040571,MISTY MEADOWS MOBILE HOME PARK,45,,,,,,,,,,,,27,27,,,,," Inventory completed, no lead lines identified ",No lead lines
MI0040606,MITCHELL BROTHERS MOBILE HOME PARK,122,,,,,,,,,,,,61,61,,42.40612606,-86.19865189,https://echo.epa.gov/detailed-facility-report?fid=MI0040606&sys=SDWIS," Inventory completed, no lead lines identified ",No lead lines
MI0004440,MONITOR TOWNSHIP,"5,217",,,,,,,,,,,,"2,238","2,238",,43.58519601,-83.91977498,https://echo.epa.gov/detailed-facility-report?fid=MI0004440&sys=SDWIS," Inventory completed, no lead lines identified ",No lead lines
MI0004450,MONROE,"48,664",120,82,85,52,74,413,731,392,,"1,123",26.9%,"14,222","15,345",,41.96852287,-83.4794457,https://echo.epa.gov/detailed-facility-report?fid=MI0004450&sys=SDWIS,"Compliant (≥20% average replacement, 2021–2024)",Compliant
MI0004455,MONROE SOUTH COUNTY,"33,816",,,,,,,,,,,,"12,277","12,277",,41.75538159,-83.58181733,https://echo.epa.gov/detailed-facility-report?fid=MI0004455&sys=SDWIS," Inventory completed, no lead lines identified ",No lead lines
MI0004470,MONTAGUE,"2,479",24,77,46,18,24,189,71,184,,255,42.6%,874,"1,129",,43.41551718,-86.36489523,https://echo.epa.gov/detailed-facility-report?fid=MI0004470&sys=SDWIS,"Compliant (≥20% average replacement, 2021–2024)",Compliant
MI0040152,MONTROSE TRAILER PARK,105,,,,,,,,,,,,,,,,,,Inventory not received or data not complete,Inventory not received or incomplete
MI0004480,"MONTROSE, CITY OF","1,657",,,,7,,7,,,,,100.0%,668,668,,43.17644419,-83.89265596,https://echo.epa.gov/detailed-facility-report?fid=MI0004480&sys=SDWIS,100% replaced,100% replaced
MI0040452,MOON LAKE ESTATES,31,,,,,,,,,,,,102,,,,,,Inventory not received or data not complete,Inventory not received or incomplete
MI0004490,MORENCI,"2,220",2,,,65,,67,63,29,667,759,8.1%,179,938,,41.72106476,-84.21519707,https://echo.epa.gov/detailed-facility-report?fid=MI0004490&sys=SDWIS," Not Compliant (<20% average replacement, 2021–2024) ",Not compliant
MI0040643,MORRICE MEADOWS,258,,,,,,,,,,,,103,103,,42.83761684,-84.17511762,https://echo.epa.gov/detailed-facility-report?fid=MI0040643&sys=SDWIS," Inventory completed, no lead lines identified ",No lead lines
MI0040247,MORROW CROSSING MHC,150,,,,,,,,,,,,60,60,,,,," Inventory completed, no lead lines identified ",No lead lines
MI0004510,"MOUNT CLEMENS, CITY OF","16,314",11,25,13,35,55,139,779,66,"1,817","2,662",5.0%,"3,356","6,018",,42.59772316,-82.87947478,https://echo.epa.gov/detailed-facility-report?fid=MI0004510&sys=SDWIS," Not Compliant (<20% average replacement, 2021–2024) ",Not compliant
MI0004520,"MOUNT MORRIS, CITY OF","3,086",4,5,6,6,12,33,63,59,149,271,10.9%,876,"1,147",,43.12032476,-83.69653627,https://echo.epa.gov/detailed-facility-report?fid=MI0004520&sys=SDWIS," Not Compliant (<20% average replacement, 2021–2024) ",Not compliant
MI0004530,MOUNT PLEASANT,"21,688",1,1,,1,,3,2,20,"4,807","4,829",0.1%,710,"5,539",,43.59243135,-84.77462573,https://echo.epa.gov/detailed-facility-report?fid=MI0004530&sys=SDWIS," Not Compliant (<20% average replacement, 2021–2024) ",Not compliant
MI0004550,MUIR,604,1,182,,,1,184,,4,,4,97.9%,278,282,,42.99886603,-84.93647555,https://echo.epa.gov/detailed-facility-report?fid=MI0004550&sys=SDWIS,"Compliant (≥20% average replacement, 2021–2024)",Compliant
MI0004560,MUNISING,"2,783",10,,4,8,7,29,,84,322,406,6.7%,677,"1,083",,46.41576251,-86.65006598,https://echo.epa.gov/detailed-facility-report?fid=MI0004560&sys=SDWIS," Not Compliant (<20% average replacement, 2021–2024) ",Not compliant
MI0004561,MUNISING INDUSTRIAL PARK,465,,,,,,,,,,,,10,10,,,,," Inventory completed, no lead lines identified ",No lead lines
MI0004577,MUSK CO NORTHSIDE WATER SYSTEM,"5,133",,,,,,,,,,,,"1,982","1,982",,,,," Inventory completed, no lead lines identified ",No lead lines
MI0004570,MUSKEGON,"37,213",336,180,446,609,713,2284,"7,631","2,736",,"10,367",18.1%,"4,096","14,463",,43.22650578,-86.23004483,https://echo.epa.gov/detailed-facility-report?fid=MI0004570&sys=SDWIS," Not Compliant (<20% average replacement, 2021–2024) ",Not compliant
MI0004590,MUSKEGON CO EASTSIDE WATER SYSTEM,"7,135",,,,,,,22,1,,23,0%,"3,060","3,083",,43.28418188,-86.21887478,https://echo.epa.gov/detailed-facility-report?fid=MI0004590&sys=SDWIS," Not Compliant (<20% average replacement, 2021–2024) ",Not compliant
MI0004580,MUSKEGON HEIGHTS,"9,917",27,46,249,371,1223,1916,"3,940",95,,"4,035",32.2%,"1,119","5,154",,43.20668062,-86.26150838,https://echo.epa.gov/detailed-facility-report?fid=MI0004580&sys=SDWIS," Not Compliant (<20% average replacement, 2021–2024) ",Not compliant
MI0040241,MY PLACE AT CATTAIL ESTATES,58,,,,,,, ,,,,,,,,,,,Inventory not received or data not complete,Inventory not received or incomplete
MI0040140,MY PLACE AT HERITAGE ESTATES,75,,,,,,, ,,,,,,,,42.95485673,-83.65512151,https://echo.epa.gov/detailed-facility-report?fid=MI0040140&sys=SDWIS,Inventory not received or data not complete,Inventory not received or incomplete
MI0040240,MY PLACE AT PLEASANT LAKE,145,,,,,,, ,,,,,,,,42.38075466,-84.32250264,https://echo.epa.gov/detailed-facility-report?fid=MI0040240&sys=SDWIS,Inventory not received or data not complete,Inventory not received or incomplete
MI0040091,MY PLACE AT TWIN VALLEY,88,,,,,,, ,,,,,,,,42.18772124,-84.97395365,https://echo.epa.gov/detailed-facility-report?fid=MI0040091&sys=SDWIS,Inventory not received or data not complete,Inventory not received or incomplete
MI0004595,MYSTIC RIDGE L.L.C.,225,,,,,,,,,,,,78,78,,42.43210241,-83.83827419,https://echo.epa.gov/detailed-facility-report?fid=MI0004595&sys=SDWIS," Inventory completed, no lead lines identified ",No lead lines
MI0004596,MYSTIC VIEW APARTMENTS,100,,,,,,,,,,,,41,41,,42.48314614,-86.08947822,https://echo.epa.gov/detailed-facility-report?fid=MI0004596&sys=SDWIS," Inventory completed, no lead lines identified ",No lead lines
MI0004600,NAHMA TOWNSHIP,95,,,,,,,,,,,,68,68,,45.8708802,-86.68684996,https://echo.epa.gov/detailed-facility-report?fid=MI0004600&sys=SDWIS," Inventory completed, no lead lines identified ",No lead lines
MI0004605,NAPOLEON TOWNSHIP,444,,,,,,,,,,,,151,151,,42.16384055,-84.24643238,https://echo.epa.gov/detailed-facility-report?fid=MI0004605&sys=SDWIS," Inventory completed, no lead lines identified ",No lead lines
MI0004620,NASHVILLE,"1,628",,99,163,,4,266,,50,,50,84.2%,556,606,,42.60146124,-85.09260045,https://echo.epa.gov/detailed-facility-report?fid=MI0004620&sys=SDWIS,"Compliant (≥20% average replacement, 2021–2024)",Compliant
MI0004647,NAZARENE CAMP,648,,,,,,,,,,,,338,338,2024,42.1580799,-85.47146123,https://echo.epa.gov/detailed-facility-report?fid=MI0004647&sys=SDWIS," Inventory completed, no lead lines identified ",No lead lines
MI0004650,NEGAUNEE,"4,568",,,4,5,8,17,,16,700,716,2.3%,"1,140","1,856",,46.50291763,-87.60169826,https://echo.epa.gov/detailed-facility-report?fid=MI0004650&sys=SDWIS," Not Compliant (<20% average replacement, 2021–2024) ",Not compliant
MI0004655,NEGAUNEE TOWNSHIP,961,,,,,,,,,,,,484,484,,46.53943286,-87.52219491,https://echo.epa.gov/detailed-facility-report?fid=MI0004655&sys=SDWIS," Inventory completed, no lead lines identified ",No lead lines
MI0004653,NEGAUNEE/ISHPEMING WATER AUTHORITY,,,,,,,,,,,,,,,,,,,No service lines; wholesale only,No service lines; wholesale only
MI0040637,NESEN'S COUNTRYSIDE ACRES,95,,,,,,,,,,,,77,77,,43.4026146,-84.61852565,https://echo.epa.gov/detailed-facility-report?fid=MI0040637&sys=SDWIS," Inventory completed, no lead lines identified ",No lead lines
MI0004670,"NEW BALTIMORE, CITY OF","12,720",3,2,,2,11,18,6,13,,19,48.6%,"3,993","4,012",,42.69056222,-82.73906261,https://echo.epa.gov/detailed-facility-report?fid=MI0004670&sys=SDWIS,"Compliant (≥20% average replacement, 2021–2024)",Compliant
MI0004680,NEW BUFFALO,"1,900",,,,,,,,,,,,"1,768","1,768",,41.77085358,-86.78821041,https://echo.epa.gov/detailed-facility-report?fid=MI0004680&sys=SDWIS," Inventory completed, no lead lines identified ",No lead lines
MI0004685,NEW BUFFALO TOWNSHIP,"2,845",,,,,4,4,,4,,4,50.0%,"1,383","1,387",,41.79973263,-86.73643707,https://echo.epa.gov/detailed-facility-report?fid=MI0004685&sys=SDWIS," Not Compliant (<20% average replacement, 2021–2024) ",Not compliant
MI0004690,"NEW HAVEN, VILLAGE OF","5,600",,,,,,,,,,,,"1,648","1,648",,42.72942429,-82.79514976,https://echo.epa.gov/detailed-facility-report?fid=MI0004690&sys=SDWIS," Inventory completed, no lead lines identified ",No lead lines
MI0004700,"NEW LOTHROP, VILLAGE OF",610,,4,,,,4,,2,,2,66.7%,257,259,,43.11869394,-83.97169951,https://echo.epa.gov/detailed-facility-report?fid=MI0004700&sys=SDWIS,"Compliant (≥20% average replacement, 2021–2024)",Compliant
MI0004710,NEWAYGO,"2,571",6,,8,,73,87,5,173,120,298,22.6%,321,619,,43.4086658,-85.8054929,https://echo.epa.gov/detailed-facility-report?fid=MI0004710&sys=SDWIS," Not Compliant (<20% average replacement, 2021–2024) ",Not compliant
MI0004730,NEWBERRY CORRECTIONAL FACILITY,"1,108",,,,,,,,,,,,31,31,,46.3298798,-85.50519966,https://echo.epa.gov/detailed-facility-report?fid=MI0004730&sys=SDWIS," Inventory completed, no lead lines identified ",No lead lines
MI0004720,NEWBERRY WATER & LIGHT,"2,000",5,5,4,2,8,24,90,715,,805,2.9%,56,861,,46.34728333,-85.51153849,https://echo.epa.gov/detailed-facility-report?fid=MI0004720&sys=SDWIS," Not Compliant (<20% average replacement, 2021–2024) ",Not compliant
MI0004740,NILES,"14,215",14,17,33,26,41,131,414,8,969,"1,391",8.6%,"4,254","5,645",,41.81569412,-86.24615895,https://echo.epa.gov/detailed-facility-report?fid=MI0004740&sys=SDWIS," Not Compliant (<20% average replacement, 2021–2024) ",Not compliant
MI0004750,NILES TOWNSHIP,"2,270",,,,,,,,,,,,689,689,,41.8196973,-86.25530081,https://echo.epa.gov/detailed-facility-report?fid=MI0004750&sys=SDWIS," Inventory completed, no lead lines identified ",No lead lines
MI0004753,NINE MILE POINTE,50,,,,,,,,,,,,10,10,,45.36118678,-85.17965837,https://echo.epa.gov/detailed-facility-report?fid=MI0004753&sys=SDWIS," Inventory completed, no lead lines identified ",No lead lines
MI0040616,NORTH BAY HARBOR CLUB,235,,,,,,,,,,,,20,20,,42.77440613,-83.81912712,https://echo.epa.gov/detailed-facility-report?fid=MI0040616&sys=SDWIS," Inventory completed, no lead lines identified ",No lead lines
MI0004770,"NORTH BRANCH, VILLAGE OF","1,021",,,,,,,,,51,51,0%,351,402,,43.22865262,-83.19192735,https://echo.epa.gov/detailed-facility-report?fid=MI0004770&sys=SDWIS," Not Compliant (<20% average replacement, 2021–2024) ",Not compliant
MI0040154,NORTH DORT MANOR LTD,100,,,,,,, ,,,,,,,,43.13350664,-83.68073715,https://echo.epa.gov/detailed-facility-report?fid=MI0040154&sys=SDWIS,Inventory not received or data not complete,Inventory not received or incomplete
MI0040155,NORTH MORRIS ESTATES,313,,,,,,,,,596,596,0%,,596,,43.13990993,-83.690692,https://echo.epa.gov/detailed-facility-report?fid=MI0040155&sys=SDWIS," Not Compliant (<20% average replacement, 2021–2024) ",Not compliant
MI0004780,NORTH MUSKEGON,"3,786",42,54,22,16,42,176,692,461,,"1,153",13.2%,479,"1,632",,43.2677339,-86.26201662,https://echo.epa.gov/detailed-facility-report?fid=MI0004780&sys=SDWIS," Not Compliant (<20% average replacement, 2021–2024) ",Not compliant
MI0040432,NORTH SHORE TRAILER PARK,68,,,,,,,,,,,,32,32,,44.37663551,-84.73201952,https://echo.epa.gov/detailed-facility-report?fid=MI0040432&sys=SDWIS," Inventory completed, no lead lines identified ",No lead lines
MI0060238,NORTH WOODS NURSING CENTER,71,,,,,,,,,,,,3,3,,43.857976,-84.91202011,https://echo.epa.gov/detailed-facility-report?fid=MI0060238&sys=SDWIS," Inventory completed, no lead lines identified ",No lead lines
MI0040039,NORTHERN COUNTRY ESTATES,53,,,,,,,,,,,,41,41,,44.11469067,-84.11252646,https://echo.epa.gov/detailed-facility-report?fid=MI0040039&sys=SDWIS," Inventory completed, no lead lines identified ",No lead lines
MI0040212,NORTHERN PINES,13,,,,,,, ,,,,,,,2023,,,,Inventory not received or data not complete,Inventory not received or incomplete
MI0040594,NORTHFIELD ESTATES,"1,620",,,,,,,,,,,,643,643,,42.3432443,-84.23490431,https://echo.epa.gov/detailed-facility-report?fid=MI0040594&sys=SDWIS," Inventory completed, no lead lines identified ",No lead lines
MI0004820,NORTHPORT COTTAGE OWNERS,240,,,,,,,,,,,,94,94,,45.13992657,-85.56264319,https://echo.epa.gov/detailed-facility-report?fid=MI0004820&sys=SDWIS," Inventory completed, no lead lines identified ",No lead lines
MI0004810,"NORTHPORT, VILLAGE OF",526,,,,,,,,2,38,40,0%,325,365,,45.12601042,-85.6172549,https://echo.epa.gov/detailed-facility-report?fid=MI0004810&sys=SDWIS," Not Compliant (<20% average replacement, 2021–2024) ",Not compliant
MI0004830,NORTHVILLE,"6,119",5,5,17,3,9,39,3,193,276,472,7.6%,"2,087","2,559",,42.40972263,-83.48681585,https://echo.epa.gov/detailed-facility-report?fid=MI0004830&sys=SDWIS," Not Compliant (<20% average replacement, 2021–2024) ",Not compliant
MI0040657,NORTHVILLE CROSSING,"1,890",,,,,,,,,,,,756,756,,42.42974332,-83.60908956,https://echo.epa.gov/detailed-facility-report?fid=MI0040657&sys=SDWIS," Inventory completed, no lead lines identified ",No lead lines
MI0004845,NORTHVILLE TOWNSHIP,"32,103",,,,,,,,,,,,"8,975","8,975",,42.43063292,-83.49254751,https://echo.epa.gov/detailed-facility-report?fid=MI0004845&sys=SDWIS," Inventory completed, no lead lines identified ",No lead lines
MI0004847,NORTHWEST OTTAWA CO WATER SYST,,,,,,,,,,,,,,,,43.06037163,-86.23625865,https://echo.epa.gov/detailed-facility-report?fid=MI0004847&sys=SDWIS,No service lines; wholesale only,No service lines; wholesale only
MI0040453,NORTHWOODS COMMUNITY,238,,,,,,,,,,,,97,97,,43.02803242,-84.14559517,https://echo.epa.gov/detailed-facility-report?fid=MI0040453&sys=SDWIS," Inventory completed, no lead lines identified ",No lead lines
MI0004850,NORTON SHORES,"23,994",27,4,20,6,7,64,60,134,,194,24.8%,"8,646","8,840",,43.16211496,-86.25394212,https://echo.epa.gov/detailed-facility-report?fid=MI0004850&sys=SDWIS,"Compliant (≥20% average replacement, 2021–2024)",Compliant
MI0004860,NORWAY,"3,314",8,6,6,5,7,32,2,271,"1,220","1,493",2.1%,33,"1,526",,45.78940332,-87.89989713,https://echo.epa.gov/detailed-facility-report?fid=MI0004860&sys=SDWIS," Not Compliant (<20% average replacement, 2021–2024) ",Not compliant
MI0040414,NOTTINGHAM FOREST MHP,185,,,,,,,,,,,,74,74,,45.02607512,-84.70729056,https://echo.epa.gov/detailed-facility-report?fid=MI0040414&sys=SDWIS," Inventory completed, no lead lines identified ",No lead lines
MI0004870,"NOVI, CITY OF","48,000",,,,,,,,,"4,742","4,742",0%,"10,334","15,076",,42.47832515,-83.47671391,https://echo.epa.gov/detailed-facility-report?fid=MI0004870&sys=SDWIS," Not Compliant (<20% average replacement, 2021–2024) ",Not compliant
MI0040655,NP CREEK VALLEY NORTH,170,,,,,,,,,,,,63,63,,42.46111553,-85.26159839,https://echo.epa.gov/detailed-facility-report?fid=MI0040655&sys=SDWIS," Inventory completed, no lead lines identified ",No lead lines
MI0040079,NP CREEK VALLEY SOUTH,245,,,,,,,,,,,,134,134,,42.36012429,-85.2312815,https://echo.epa.gov/detailed-facility-report?fid=MI0040079&sys=SDWIS," Inventory completed, no lead lines identified ",No lead lines
MI0004873,OAK HAVEN,30,,,,,,,,,,,,19,19,,42.40453935,-86.07248805,https://echo.epa.gov/detailed-facility-report?fid=MI0004873&sys=SDWIS," Inventory completed, no lead lines identified ",No lead lines
MI0040391,OAK HILL ESTATES MHC,"1,260",,,,,,,,,,,,468,468,,42.82408276,-83.44754652,https://echo.epa.gov/detailed-facility-report?fid=MI0040391&sys=SDWIS," Inventory completed, no lead lines identified ",No lead lines
MI0004876,OAK LANE APARTMENTS,60,,,,,,,,,,,,2,2,,42.6223894,-85.76035976,https://echo.epa.gov/detailed-facility-report?fid=MI0004876&sys=SDWIS," Inventory completed, no lead lines identified ",No lead lines
MI0004874,OAK LEAF MANOR,36,,,,,,,,,,,,3,3,,44.88304655,-84.30883808,https://echo.epa.gov/detailed-facility-report?fid=MI0004874&sys=SDWIS," Inventory completed, no lead lines identified ",No lead lines
MI0004880,OAK PARK,"29,654",1,1,1,1,,4,,,"1,243","1,243",0.3%,"9,601","10,844",2019,42.46493525,-83.18231682,https://echo.epa.gov/detailed-facility-report?fid=MI0004880&sys=SDWIS," Not Compliant (<20% average replacement, 2021–2024) ",Not compliant
MI0001002,OAK POINTE,"1,900",,,,,,,,,,,,879,879,,42.5401387,-83.85830715,https://echo.epa.gov/detailed-facility-report?fid=MI0001002&sys=SDWIS," Inventory completed, no lead lines identified ",No lead lines
MI0040266,OAKFIELD MOBILE HOME PARK,55,,,,,,,,,,,,22,22,,43.17574177,-85.3677991,https://echo.epa.gov/detailed-facility-report?fid=MI0040266&sys=SDWIS," Inventory completed, no lead lines identified ",No lead lines
MI0005573,OAKLAND HUNT SUBDIVISION,610,,,,,,,,,,,,262,262,,42.74964316,-83.15370213,https://echo.epa.gov/detailed-facility-report?fid=MI0005573&sys=SDWIS," Inventory completed, no lead lines identified ",No lead lines
MI0040678,OAKS OF ROCKFORD,860,,,,,,,,,,,,428,428,,43.17969339,-85.52140179,https://echo.epa.gov/detailed-facility-report?fid=MI0040678&sys=SDWIS," Inventory completed, no lead lines identified ",No lead lines
MI0040222,OAKVIEW MOBILE ESTATES,102,,,,,,,,,,,,48,48,,43.65368666,-84.81447647,https://echo.epa.gov/detailed-facility-report?fid=MI0040222&sys=SDWIS," Inventory completed, no lead lines identified ",No lead lines
MI0004920,OCEANA ACRES,208,,,,,,,,,,,,9,9,,,,," Inventory completed, no lead lines identified ",No lead lines
MI0004935,OGEMAW TOWNSHIP,125,,,,,,,,,,,,30,30,,44.36138004,-84.42063258,https://echo.epa.gov/detailed-facility-report?fid=MI0004935&sys=SDWIS," Inventory completed, no lead lines identified ",No lead lines
MI0004960,OLD FARM COLONY WATER ASSOCIATION,246,,,,,,,,,14,14,0%,68,82,,,,," Not Compliant (<20% average replacement, 2021–2024) ",Not compliant
MI0040156,OLD ORCHARD ESTATES,296,,,,,,,,,,,,200,200,,43.01515045,-83.49953974,https://echo.epa.gov/detailed-facility-report?fid=MI0040156&sys=SDWIS," Inventory completed, no lead lines identified ",No lead lines
MI0004989,OLIVE/BLENDON TWPS,544,,,,,,,,,86,86,0%,95,181,,42.95892757,-86.10647623,https://echo.epa.gov/detailed-facility-report?fid=MI0004989&sys=SDWIS," Not Compliant (<20% average replacement, 2021–2024) ",Not compliant
MI0004990,"OLIVET, CITY OF","1,758",,,,1,1,2,,3,,3,40.0%,375,378,,42.44400502,-84.92461832,https://echo.epa.gov/detailed-facility-report?fid=MI0004990&sys=SDWIS,"Compliant (≥20% average replacement, 2021–2024)",Compliant
MI0005005,"OMER, CITY OF",279,,,,,,,,,,,,181,181,,44.04458392,-83.85873283,https://echo.epa.gov/detailed-facility-report?fid=MI0005005&sys=SDWIS," Inventory completed, no lead lines identified ",No lead lines
MI0005010,"ONAWAY, CITY OF",880,5,10,,116,106,237,177,65,,242,49.5%,240,482,,45.35502712,-84.22434047,https://echo.epa.gov/detailed-facility-report?fid=MI0005010&sys=SDWIS,"Compliant (≥20% average replacement, 2021–2024)",Compliant
MI0005020,ONSTED,907,,,,107,,107,6,,134,140,43.3%,218,358,,42.00421873,-84.18661583,https://echo.epa.gov/detailed-facility-report?fid=MI0005020&sys=SDWIS,"Compliant (≥20% average replacement, 2021–2024)",Compliant
MI0040067,ONTARIO PLACE,248,,,,,,,,,,,,154,154,,41.76666203,-86.22991918,https://echo.epa.gov/detailed-facility-report?fid=MI0040067&sys=SDWIS," Inventory completed, no lead lines identified ",No lead lines
MI0005030,ONTONAGON,"2,607",,,,,,,,,,,,"1,431","1,431",,46.87452607,-89.29907689,https://echo.epa.gov/detailed-facility-report?fid=MI0005030&sys=SDWIS," Inventory completed, no lead lines identified ",No lead lines
MI0040647,ORCHARD COVE,255,,,,,,,,,,,,120,120,,43.16282492,-83.52948638,https://echo.epa.gov/detailed-facility-report?fid=MI0040647&sys=SDWIS," Inventory completed, no lead lines identified ",No lead lines
MI0040503,ORCHARD GROVE,725,,,,,,,,,,,,290,290,,42.24563933,-83.79644531,https://echo.epa.gov/detailed-facility-report?fid=MI0040503&sys=SDWIS," Inventory completed, no lead lines identified ",No lead lines
MI0005031,ORCHARD LAKE VILLAGE,"2,194",,,,,,,,,,,,911,911,,42.58623873,-83.37631811,https://echo.epa.gov/detailed-facility-report?fid=MI0005031&sys=SDWIS," Inventory completed, no lead lines identified ",No lead lines
MI0005039,ORCHARD PLACE MANOR APARTMENTS,120,,,,,,, ,,,,,,,,43.00117068,-84.20235713,https://echo.epa.gov/detailed-facility-report?fid=MI0005039&sys=SDWIS,Inventory not received or data not complete,Inventory not received or incomplete
MI0040399,ORION LAKE ESTATES MHC,"1,058",,,,,,,,,,,,92,92,,42.71743351,-83.24738961,https://echo.epa.gov/detailed-facility-report?fid=MI0040399&sys=SDWIS," Inventory completed, no lead lines identified ",No lead lines
MI0005035,ORION TOWNSHIP,"33,000",,,,,,,,,"2,474","2,474",0%,"5,148","7,622",,42.75959435,-83.27516329,https://echo.epa.gov/detailed-facility-report?fid=MI0005035&sys=SDWIS," Not Compliant (<20% average replacement, 2021–2024) ",Not compliant
MI0005034,ORONOKO TOWNSHIP,"1,610",2,3,9,6,5,25,400,,,400,5.9%,210,610,,41.92706385,-86.35423314,https://echo.epa.gov/detailed-facility-report?fid=MI0005034&sys=SDWIS," Not Compliant (<20% average replacement, 2021–2024) ",Not compliant
MI0005037,OSBORN LAKE ESTATES,92,,,,,,,,,,,,45,45,,42.58178767,-83.76911428,https://echo.epa.gov/detailed-facility-report?fid=MI0005037&sys=SDWIS," Inventory completed, no lead lines identified ",No lead lines
MI0001840,OSCEOLA TOWNSHIP,"1,391",8,3,3,3,12,29,71,11,146,228,11.3%,193,421,,47.13977807,-88.50615464,https://echo.epa.gov/detailed-facility-report?fid=MI0001840&sys=SDWIS," Not Compliant (<20% average replacement, 2021–2024) ",Not compliant
MI0005040,OSCODA TOWNSHIP,"6,997",,,,,1,1,,6,,6,14.3%,"3,706","3,712",,44.45024393,-83.3368673,https://echo.epa.gov/detailed-facility-report?fid=MI0005040&sys=SDWIS," Not Compliant (<20% average replacement, 2021–2024) ",Not compliant
MI0005050,"OTISVILLE, VILLAGE OF",864,,,,,,, ,,,,,,,,43.17014205,-83.52691994,https://echo.epa.gov/detailed-facility-report?fid=MI0005050&sys=SDWIS,Inventory not received or data not complete,Inventory not received or incomplete
MI0005060,OTSEGO,"3,956",8,11,21,36,43,119,41,"1,065",,"1,106",9.7%,460,"1,566",,42.45527024,-85.69378409,https://echo.epa.gov/detailed-facility-report?fid=MI0005060&sys=SDWIS," Not Compliant (<20% average replacement, 2021–2024) ",Not compliant
MI0005065,OTSEGO TOWNSHIP,"1,133",,,,,,,,,,,,228,,,42.44197563,-85.67086793,https://echo.epa.gov/detailed-facility-report?fid=MI0005065&sys=SDWIS,Inventory not received or data not complete,Inventory not received or incomplete
MI0005100,"OVID, CITY OF","1,612",,,3,174,4,181,,45,9,54,77.0%,607,661,,42.9708903,-84.37441132,https://echo.epa.gov/detailed-facility-report?fid=MI0005100&sys=SDWIS,"Compliant (≥20% average replacement, 2021–2024)",Compliant
MI0005110,"OWENDALE, VILLAGE OF",241,,,,,1,1,,,,,100.0%,110,110,,43.73023021,-83.26755419,https://echo.epa.gov/detailed-facility-report?fid=MI0005110&sys=SDWIS," Inventory completed, no lead lines identified ",No lead lines
MI0005120,"OWOSSO, CITY OF","16,353",85,236,362,276,260,1219,"1,950","1,809",13,"3,772",24.4%,"2,873","6,645",2020,42.99955752,-84.17368724,https://echo.epa.gov/detailed-facility-report?fid=MI0005120&sys=SDWIS,"Compliant (≥20% average replacement, 2021–2024)",Compliant
MI0005138,OXFORD TOWNSHIP,"10,090",,,,,,,,,,,,"3,215","3,215",,42.8212591,-83.27149232,https://echo.epa.gov/detailed-facility-report?fid=MI0005138&sys=SDWIS," Inventory completed, no lead lines identified ",No lead lines
MI0005136,OXFORD VILLAGE CONDOMINIUMS,80,,,,,,, ,,,,,,,,42.81688081,-83.3248214,https://echo.epa.gov/detailed-facility-report?fid=MI0005136&sys=SDWIS,Inventory not received or data not complete,Inventory not received or incomplete
MI0005130,"OXFORD, VILLAGE OF","3,540",16,32,50,47,9,154,,57,69,126,55.0%,"1,189","1,315",,42.82306818,-83.25700266,https://echo.epa.gov/detailed-facility-report?fid=MI0005130&sys=SDWIS,"Compliant (≥20% average replacement, 2021–2024)",Compliant
MI0005150,OYSTER POINTE CONDOMINIUMS,30,,,,,,,,,,,,15,15,,,,," Inventory completed, no lead lines identified ",No lead lines
MI0040310,PARK VIEW COURT,63,,,,,,,,,,,,25,25,,41.93060817,-84.00601599,https://echo.epa.gov/detailed-facility-report?fid=MI0040310&sys=SDWIS," Inventory completed, no lead lines identified ",No lead lines
MI0040340,PARKS PLACE ESTATES,72,,,,,,,,,,,,29,29,,43.70536967,-85.18973642,https://echo.epa.gov/detailed-facility-report?fid=MI0040340&sys=SDWIS," Inventory completed, no lead lines identified ",No lead lines
MI0040441,PARKWOOD,58,,,,,,,,62,,62,0%,49,111,,43.25939095,-83.95494879,https://echo.epa.gov/detailed-facility-report?fid=MI0040441&sys=SDWIS," Not Compliant (<20% average replacement, 2021–2024) ",Not compliant
MI0040284,PARKWOOD GREEN,270,,,,,,,,,,,,,,,43.13313697,-85.68489618,https://echo.epa.gov/detailed-facility-report?fid=MI0040284&sys=SDWIS,Inventory not received or data not complete,Inventory not received or incomplete
MI0005205,PARMA TOWNSHIPAMBERTON VILL.,378,,,,,,,,,,,,109,109,,42.25335416,-84.71419732,https://echo.epa.gov/detailed-facility-report?fid=MI0005205&sys=SDWIS," Inventory completed, no lead lines identified ",No lead lines
MI0005204,"PARMA, VILLAGE OF",768,,,,,,,,,,,,247,247,,42.25722108,-84.59668666,https://echo.epa.gov/detailed-facility-report?fid=MI0005204&sys=SDWIS," Inventory completed, no lead lines identified ",No lead lines
MI0005210,PAW PAW,"3,362",3,432,68,19,12,534,,56,208,264,66.9%,31,295,,42.22018317,-85.88935081,https://echo.epa.gov/detailed-facility-report?fid=MI0005210&sys=SDWIS,"Compliant (≥20% average replacement, 2021–2024)",Compliant
MI0005209,PAW PAW APTS  WEST MAPLE LAKE,40,,,,,,,,,,,,2,2,,42.23230953,-85.89462223,https://echo.epa.gov/detailed-facility-report?fid=MI0005209&sys=SDWIS," Inventory completed, no lead lines identified ",No lead lines
MI0040062,PAW PAW LAKE MH PARK,122,,,,,,,,,,,,49,49,,42.20943522,-86.2643459,https://echo.epa.gov/detailed-facility-report?fid=MI0040062&sys=SDWIS," Inventory completed, no lead lines identified ",No lead lines
MI0005220,"PECK, VILLAGE OF",632,,,,,,,,,,,,267,267,,43.25952983,-82.81628772,https://echo.epa.gov/detailed-facility-report?fid=MI0005220&sys=SDWIS," Inventory completed, no lead lines identified ",No lead lines
MI0005233,PENINSULA TOWNSHIP,"1,790",,,,,,,,,,,,581,581,,44.78687768,-85.58352371,https://echo.epa.gov/detailed-facility-report?fid=MI0005233&sys=SDWIS," Inventory completed, no lead lines identified ",No lead lines
MI0004760,PENNFIELD TOWNSHIP,"3,916",,,,,,,,2,,2,0%,663,665,,42.36871061,-85.13852036,https://echo.epa.gov/detailed-facility-report?fid=MI0004760&sys=SDWIS," Not Compliant (<20% average replacement, 2021–2024) ",Not compliant
MI0005232,PENNFIELD TWPCONVIS/VERONA,1,,,,,,,,2,,2,0%,310,312,,42.38125661,-85.17740092,https://echo.epa.gov/detailed-facility-report?fid=MI0005232&sys=SDWIS," Not Compliant (<20% average replacement, 2021–2024) ",Not compliant
MI0005235,PENNY LAKE ESTATES SUBDIVISION,390,,,,,,,,,,,,122,122,,42.54090592,-83.49601811,https://echo.epa.gov/detailed-facility-report?fid=MI0005235&sys=SDWIS," Inventory completed, no lead lines identified ",No lead lines
MI0005240,PENTLAND TOWNSHIP,450,,,,1,1,2,,,64,64,3.0%,168,232,,46.31195691,-85.49512428,https://echo.epa.gov/detailed-facility-report?fid=MI0005240&sys=SDWIS," Not Compliant (<20% average replacement, 2021–2024) ",Not compliant
MI0005260,PENTWATER,857,,1,16,,155,172,112,114,133,359,32.4%,457,816,,43.77448223,-86.42540141,https://echo.epa.gov/detailed-facility-report?fid=MI0005260&sys=SDWIS," Not Compliant (<20% average replacement, 2021–2024) ",Not compliant
MI0005267,PERE MARQUETTE TWP  CUSTOMER,339,1,,,,,1,,5,,5,16.7%,121,126,,43.91226707,-86.41221265,https://echo.epa.gov/detailed-facility-report?fid=MI0005267&sys=SDWIS," Not Compliant (<20% average replacement, 2021–2024) ",Not compliant
MI0005268,PERE MARQUETTE TWP  WELLS,455,,,,,,,,,,,,312,312,,43.95338281,-86.40729244,https://echo.epa.gov/detailed-facility-report?fid=MI0005268&sys=SDWIS," Inventory completed, no lead lines identified ",No lead lines
MI0005270,"PERRINTON, VILLAGE OF",439,,,,,,,,3,38,41,0%,139,180,,43.18190476,-84.68232793,https://echo.epa.gov/detailed-facility-report?fid=MI0005270&sys=SDWIS," Not Compliant (<20% average replacement, 2021–2024) ",Not compliant
MI0005280,"PERRY, CITY OF","2,065",2,1,6,6,4,19,,137,8,145,11.6%,682,827,,42.82862132,-84.21765901,https://echo.epa.gov/detailed-facility-report?fid=MI0005280&sys=SDWIS," Not Compliant (<20% average replacement, 2021–2024) ",Not compliant
MI0005290,PETERSBURG,"1,115",,,,,,,,,,,,550,550,,41.89953139,-83.71285113,https://echo.epa.gov/detailed-facility-report?fid=MI0005290&sys=SDWIS," Inventory completed, no lead lines identified ",No lead lines
MI0005305,PETOSKEY PARK APARTMENTS,70,,,,,,,,,,,,1,1,,45.37180125,-84.92401814,https://echo.epa.gov/detailed-facility-report?fid=MI0005305&sys=SDWIS," Inventory completed, no lead lines identified ",No lead lines
MI0005300,"PETOSKEY, CITY OF","8,979",5,10,23,5,10,53,5,159,840,"1,004",5.0%,"2,451","3,455",,45.36557983,-84.98421784,https://echo.epa.gov/detailed-facility-report?fid=MI0005300&sys=SDWIS," Not Compliant (<20% average replacement, 2021–2024) ",Not compliant
MI0005310,PEWAMO,476,,,,,,,,113,,113,0%,87,200,,43.00126498,-84.85005373,https://echo.epa.gov/detailed-facility-report?fid=MI0005310&sys=SDWIS," Not Compliant (<20% average replacement, 2021–2024) ",Not compliant
MI0005315,PHEASANT RUN MANOR APARTMENTS,360,,,,,,,,,,,,15,15,,42.84298112,-83.69901872,https://echo.epa.gov/detailed-facility-report?fid=MI0005315&sys=SDWIS," Inventory completed, no lead lines identified ",No lead lines
MI0040494,PHELPS MOBILE HOME VILLA,87,,,,,,,,,,,,35,35,,42.09641044,-86.09600901,https://echo.epa.gov/detailed-facility-report?fid=MI0040494&sys=SDWIS," Inventory completed, no lead lines identified ",No lead lines
MI0040086,PHOENIX MOBILE HOME COURT,82,,,,,,,,,,,,26,26,,42.26309609,-85.07429849,https://echo.epa.gov/detailed-facility-report?fid=MI0040086&sys=SDWIS," Inventory completed, no lead lines identified ",No lead lines
MI0005320,"PIGEON, VILLAGE OF","1,208",5,1,,,,6,2,,,2,75.0%,590,592,,43.83082188,-83.27097068,https://echo.epa.gov/detailed-facility-report?fid=MI0005320&sys=SDWIS,"Compliant (≥20% average replacement, 2021–2024)",Compliant
MI0005322,"PINCKNEY, VILLAGE OF","2,515",,,,,,,,,,,,775,775,,42.46070374,-83.93424638,https://echo.epa.gov/detailed-facility-report?fid=MI0005322&sys=SDWIS," Inventory completed, no lead lines identified ",No lead lines
MI0005335,PINCONNING TOWNSHIP,"1,479",,,,,,,,,,,,612,612,,43.63428958,-83.85843427,https://echo.epa.gov/detailed-facility-report?fid=MI0005335&sys=SDWIS," Inventory completed, no lead lines identified ",No lead lines
MI0005330,"PINCONNING, CITY OF","1,204",,,,,,,2,,429,431,0%,208,639,,43.85991751,-83.96322743,https://echo.epa.gov/detailed-facility-report?fid=MI0005330&sys=SDWIS," Not Compliant (<20% average replacement, 2021–2024) ",Not compliant
MI0040525,PINE ACRES MOBILE HOME PARK,50,,,,,,,,,,,,33,33,,46.49498621,-87.35531247,https://echo.epa.gov/detailed-facility-report?fid=MI0040525&sys=SDWIS," Inventory completed, no lead lines identified ",No lead lines
MI0040481,PINE CREST MOBILE HOME PARK,208,,,,,,,,,,,,75,75,,,,," Inventory completed, no lead lines identified ",No lead lines
MI0040609,PINE HAVEN ESTATES MHC,125,,,,,,,,,,,,,,,43.00128724,-84.87772214,https://echo.epa.gov/detailed-facility-report?fid=MI0040609&sys=SDWIS,Inventory not received or data not complete,Inventory not received or incomplete
MI0040577,PINE ISLAND LAKE REC PARK,75,,,,,,,,,,,,30,30,,43.36443534,-86.15843271,https://echo.epa.gov/detailed-facility-report?fid=MI0040577&sys=SDWIS," Inventory completed, no lead lines identified ",No lead lines
MI0002000,"PINE KNOLL APARTMENTS, LLC",100,,,,,,,,,,,,4,4,,,,," Inventory completed, no lead lines identified ",No lead lines
MI0040670,PINE LAKES MANUFACTURED HOMES,230,,,,,,,,,,,,184,184,,43.04205346,-83.23493562,https://echo.epa.gov/detailed-facility-report?fid=MI0040670&sys=SDWIS," Inventory completed, no lead lines identified ",No lead lines
MI0040603,"PINE RIDGE COMMUNITY, INC.",122,,,,,,,,,,,,50,50,,42.66890375,-85.99921111,https://echo.epa.gov/detailed-facility-report?fid=MI0040603&sys=SDWIS," Inventory completed, no lead lines identified ",No lead lines
MI0040601,PINE RIDGE MOBILE HOME COMMUNITY,490,,,,,,,,,,,,83,83,,42.7958394,-83.85080715,https://echo.epa.gov/detailed-facility-report?fid=MI0040601&sys=SDWIS," Inventory completed, no lead lines identified ",No lead lines
MI0040672,PINE RIVER RIDGE,425,,,,,,,,,,,,215,215,,43.09333909,-83.28483614,https://echo.epa.gov/detailed-facility-report?fid=MI0040672&sys=SDWIS," Inventory completed, no lead lines identified ",No lead lines
MI0040446,PINE TERRACE ESTATES,80,,,,,,,,,,,,59,,,43.34935246,-83.09461095,https://echo.epa.gov/detailed-facility-report?fid=MI0040446&sys=SDWIS,Inventory not received or data not complete,Inventory not received or incomplete
MI0040210,PINE VIEW MOBILE HOME PARK,50,,,,,,,,,,,,21,21,,43.08658033,-85.250909,https://echo.epa.gov/detailed-facility-report?fid=MI0040210&sys=SDWIS," Inventory completed, no lead lines identified ",No lead lines
MI0005345,PINECREST APARTMENTS,57,,,,,,,,,,,,3,3,,42.80955519,-83.26099326,https://echo.epa.gov/detailed-facility-report?fid=MI0005345&sys=SDWIS," Inventory completed, no lead lines identified ",No lead lines
MI0005353,PINEHURST APARTMENTS,55,,,,,,,,,,,,2,2,,,,," Inventory completed, no lead lines identified ",No lead lines
MI0005351,PINEVIEW HOMES,25,,,,,,,,,,,,10,10,,43.911483,-85.25032885,https://echo.epa.gov/detailed-facility-report?fid=MI0005351&sys=SDWIS," Inventory completed, no lead lines identified ",No lead lines
MI0040464,PINEWOOD ON THE LAKE MHP,950,,,,,,,,,,,,359,359,,42.83973505,-82.6491076,https://echo.epa.gov/detailed-facility-report?fid=MI0040464&sys=SDWIS," Inventory completed, no lead lines identified ",No lead lines
MI0005355,PIRATES COVE CONDOMINIUMS,38,,,,,,,,,,,,19,19,,44.36184308,-86.19261823,https://echo.epa.gov/detailed-facility-report?fid=MI0005355&sys=SDWIS," Inventory completed, no lead lines identified ",No lead lines
MI0005360,PITTSFIELD TOWNSHIP,"24,500",,,,,,,,,,,,"7,785","7,785",,42.21715112,-83.72091804,https://echo.epa.gov/detailed-facility-report?fid=MI0005360&sys=SDWIS," Inventory completed, no lead lines identified ",No lead lines
MI0005370,PLAINFIELD TOWNSHIP,"42,271",,,,,,,,,,,,"12,460","12,460",,43.05300654,-85.64518601,https://echo.epa.gov/detailed-facility-report?fid=MI0005370&sys=SDWIS," Inventory completed, no lead lines identified ",No lead lines
MI0005380,PLAINWELL,"3,998",,,,,,,,,,,,"1,421","1,421",,42.44226227,-85.64189983,https://echo.epa.gov/detailed-facility-report?fid=MI0005380&sys=SDWIS," Inventory completed, no lead lines identified ",No lead lines
MI0060695,PLAINWELL PINES H C F,58,,,,,,,,,,,,1,1,,,,," Inventory completed, no lead lines identified ",No lead lines
MI0040167,PLEASANT BEACH MOBILE HOME RESORT,250,,,,,,,,,,,,116,116,,43.84372716,-84.33660677,https://echo.epa.gov/detailed-facility-report?fid=MI0040167&sys=SDWIS," Inventory completed, no lead lines identified ",No lead lines
MI0040504,PLEASANT LAKE PARK LLC,60,,,,,,,,,,,,24,24,,,,," Inventory completed, no lead lines identified ",No lead lines
MI0005390,PLEASANT RIDGE,"2,872",33,3,1,72,63,172,646,,,646,21.0%,503,"1,149",,42.4712194,-83.14449109,https://echo.epa.gov/detailed-facility-report?fid=MI0005390&sys=SDWIS," Not Compliant (<20% average replacement, 2021–2024) ",Not compliant
MI0005397,PLUM CREEK SUB,102,,,,,,,,,,,,45,45,,42.75990965,-83.19417699,https://echo.epa.gov/detailed-facility-report?fid=MI0005397&sys=SDWIS," Inventory completed, no lead lines identified ",No lead lines
MI0005400,PLYMOUTH,"9,132",9,1,8,26,8,52,173,109,414,696,7.0%,"2,920","3,616",,42.36293958,-83.52708101,https://echo.epa.gov/detailed-facility-report?fid=MI0005400&sys=SDWIS," Not Compliant (<20% average replacement, 2021–2024) ",Not compliant
MI0005420,PLYMOUTH TOWNSHIP,"27,524",3,3,1,16,1,24,5,6,,11,68.6%,"10,105","10,116",,42.36804257,-83.46569016,https://echo.epa.gov/detailed-facility-report?fid=MI0005420&sys=SDWIS,"Compliant (≥20% average replacement, 2021–2024)",Compliant
MI0005425,POINT NIPIGON RESORT,173,,,,,,,,,,,,69,69,,45.69185997,-84.54391191,https://echo.epa.gov/detailed-facility-report?fid=MI0005425&sys=SDWIS," Inventory completed, no lead lines identified ",No lead lines
MI0005430,POINTE AUX BARQUES TOWNSHIP,178,,,,,,,,,,,,74,74,,44.06188467,-82.95692196,https://echo.epa.gov/detailed-facility-report?fid=MI0005430&sys=SDWIS," Inventory completed, no lead lines identified ",No lead lines
MI0005427,POLKTON TOWNSHIP,135,,,,,,,,,33,33,0%,15,48,,,,," Not Compliant (<20% average replacement, 2021–2024) ",Not compliant
MI0005440,PONTIAC,"63,600",146,133,258,314,533,1384,101,"1,036","9,609","10,746",11.4%,"8,759","19,505",,42.64931975,-83.28889453,https://echo.epa.gov/detailed-facility-report?fid=MI0005440&sys=SDWIS," Not Compliant (<20% average replacement, 2021–2024) ",Not compliant
MI0005460,PORT AUSTIN AREA SEWER & WATER,"1,004",,,,,,,,,,,,736,736,,44.04395025,-82.99466503,https://echo.epa.gov/detailed-facility-report?fid=MI0005460&sys=SDWIS," Inventory completed, no lead lines identified ",No lead lines
MI0005475,PORT HOPEGORERUBICON U. A.,"1,058",,,,,,,,,,,,612,612,,43.93975372,-82.71446387,https://echo.epa.gov/detailed-facility-report?fid=MI0005475&sys=SDWIS," Inventory completed, no lead lines identified ",No lead lines
MI0005490,PORT HURON TOWNSHIP,"10,654",1,,,1,2,4,1,11,380,392,1.0%,744,"1,136",,42.98395858,-82.49386054,https://echo.epa.gov/detailed-facility-report?fid=MI0005490&sys=SDWIS," Not Compliant (<20% average replacement, 2021–2024) ",Not compliant
MI0005480,"PORT HURON, CITY OF","33,800",4,7,61,22,40,134,339,311,"9,323","9,973",1.3%,"2,387","12,360",,42.98758234,-82.45040432,https://echo.epa.gov/detailed-facility-report?fid=MI0005480&sys=SDWIS," Not Compliant (<20% average replacement, 2021–2024) ",Not compliant
MI0040491,PORT OF CALL  WEST,105,,,,,,,,,,,,61,61,,42.34748304,-86.21035961,https://echo.epa.gov/detailed-facility-report?fid=MI0040491&sys=SDWIS," Inventory completed, no lead lines identified ",No lead lines
MI0005500,"PORT SANILAC, VILLAGE OF",623,,,,,,,,,,,,448,448,,43.43871574,-82.54587274,https://echo.epa.gov/detailed-facility-report?fid=MI0005500&sys=SDWIS," Inventory completed, no lead lines identified ",No lead lines
MI0006026,PORT SHELDON TOWNSHIP,407,,,,,,,,,147,147,0%,88,235,,,,," Not Compliant (<20% average replacement, 2021–2024) ",Not compliant
MI0005520,PORTAGE,"46,292",,,,,,,,,,,,"14,801","14,801",,42.20852852,-85.59569359,https://echo.epa.gov/detailed-facility-report?fid=MI0005520&sys=SDWIS," Inventory completed, no lead lines identified ",No lead lines
MI0005527,PORTAGE POINT INN,125,,,,,,,,,,,,51,51,,44.3727406,-86.25645854,https://echo.epa.gov/detailed-facility-report?fid=MI0005527&sys=SDWIS," Inventory completed, no lead lines identified ",No lead lines
MI0040253,PORTAGE TERRACE,202,,,,,,,,,,,,82,82,,42.11144849,-85.63314486,https://echo.epa.gov/detailed-facility-report?fid=MI0040253&sys=SDWIS," Inventory completed, no lead lines identified ",No lead lines
MI0003330,PORTAGE TOWNSHIP,"1,214",,,,,,,,,269,269,0%,274,543,,47.09300868,-88.59548469,https://echo.epa.gov/detailed-facility-report?fid=MI0003330&sys=SDWIS," Not Compliant (<20% average replacement, 2021–2024) ",Not compliant
MI0005530,PORTLAND,"3,883",,1,,103,13,117,,359,268,627,15.7%,"1,081","1,708",,42.87307951,-84.90560197,https://echo.epa.gov/detailed-facility-report?fid=MI0005530&sys=SDWIS," Not Compliant (<20% average replacement, 2021–2024) ",Not compliant
MI0005540,PORTSMOUTH TOWNSHIP,535,,,,,,,,,,,,225,225,,43.55890756,-83.89580783,https://echo.epa.gov/detailed-facility-report?fid=MI0005540&sys=SDWIS," Inventory completed, no lead lines identified ",No lead lines
MI0005543,"POSEN, VILLAGE OF",234,,,,,,,,,,,,120,120,,45.26393042,-83.70039042,https://echo.epa.gov/detailed-facility-report?fid=MI0005543&sys=SDWIS," Inventory completed, no lead lines identified ",No lead lines
MI0005550,"POTTERVILLE, CITY OF","2,617",,,,,,,,,,,,737,737,,42.63035488,-84.74339438,https://echo.epa.gov/detailed-facility-report?fid=MI0005550&sys=SDWIS," Inventory completed, no lead lines identified ",No lead lines
MI0000700,POWELL TOWNSHIP,300,,,,,,,,,27,27,0%,88,115,,46.81972348,-87.73134256,https://echo.epa.gov/detailed-facility-report?fid=MI0000700&sys=SDWIS," Not Compliant (<20% average replacement, 2021–2024) ",Not compliant
MI0005563,POWERSSPALDING WATER AUTHORITY,459,,,,,,,,,,,,169,169,,45.69498388,-87.51309906,https://echo.epa.gov/detailed-facility-report?fid=MI0005563&sys=SDWIS," Inventory completed, no lead lines identified ",No lead lines
MI0005566,PRAIRIE VILLAGE APARTMENTS,38,,,,,,,,,,,,6,6,,,,," Inventory completed, no lead lines identified ",No lead lines
MI0002619,PRENTIS ESTATES APARTMENTS,500,,,,,,,,,,,,2,2,,42.58244027,-83.87406754,https://echo.epa.gov/detailed-facility-report?fid=MI0002619&sys=SDWIS," Inventory completed, no lead lines identified ",No lead lines
MI0005570,PRESCOTTHIDDEN CREEK MANOR,38,,,,,,,,,,,,3,3,,44.22776385,-84.04230527,https://echo.epa.gov/detailed-facility-report?fid=MI0005570&sys=SDWIS," Inventory completed, no lead lines identified ",No lead lines
MI0005575,PRESQUE ISLE HARBOR WATER CO.,845,,,,,,,,,29,29,0%,309,338,,45.29628548,-83.49642958,https://echo.epa.gov/detailed-facility-report?fid=MI0005575&sys=SDWIS," Not Compliant (<20% average replacement, 2021–2024) ",Not compliant
MI0040490,PROSPECT MANOR MHC,94,,,,,,,,,,,,52,52,,,,," Inventory completed, no lead lines identified ",No lead lines
MI0040456,QUIET COVE TRAILER PARK,70,,,,,,,,,,,,44,,,42.80986662,-84.32473434,https://echo.epa.gov/detailed-facility-report?fid=MI0040456&sys=SDWIS,Inventory not received or data not complete,Inventory not received or incomplete
MI0005580,QUINCY,"1,544",,,32,,4,36,,50,18,68,34.6%,697,766,,41.94238531,-84.88351236,https://echo.epa.gov/detailed-facility-report?fid=MI0005580&sys=SDWIS,"Compliant (≥20% average replacement, 2021–2024)",Compliant
MI0005590,QUINNESEC,"1,200",3,,19,5,2,29,101,79,,180,13.9%,330,510,,45.80152914,-87.99569932,https://echo.epa.gov/detailed-facility-report?fid=MI0005590&sys=SDWIS," Not Compliant (<20% average replacement, 2021–2024) ",Not compliant
MI0040021,RABBIT RIVER ESTATES,255,,,,,,,,,,,,100,100,,42.67199771,-85.62085403,https://echo.epa.gov/detailed-facility-report?fid=MI0040021&sys=SDWIS," Inventory completed, no lead lines identified ",No lead lines
MI0005607,RAPID RIVER MEADOWS,46,,,,,,,,,,,,20,20,,44.85715397,-85.1093853,https://echo.epa.gov/detailed-facility-report?fid=MI0005607&sys=SDWIS," Inventory completed, no lead lines identified ",No lead lines
MI0005610,RAVENNA,"1,219",,,,,,,,,,,,574,574,,43.18866977,-85.94199476,https://echo.epa.gov/detailed-facility-report?fid=MI0005610&sys=SDWIS," Inventory completed, no lead lines identified ",No lead lines
MI0005620,READING,"1,078",,,4,,66,70,,46,,46,60.3%,481,527,,41.84031923,-84.7447699,https://echo.epa.gov/detailed-facility-report?fid=MI0005620&sys=SDWIS," Not Compliant (<20% average replacement, 2021–2024) ",Not compliant
MI0005640,REDFORD TOWNSHIP,"49,504",,12,109,30,102,253,94,,"4,922","5,016",4.8%,"15,310","20,326",2024,42.39419966,-83.29256899,https://echo.epa.gov/detailed-facility-report?fid=MI0005640&sys=SDWIS," Not Compliant (<20% average replacement, 2021–2024) ",Not compliant
MI0005650,"REED CITY, CITY OF","2,425",24,34,54,100,214,426,66,192,,258,62.3%,672,930,,43.87214106,-85.5102875,https://echo.epa.gov/detailed-facility-report?fid=MI0005650&sys=SDWIS,"Compliant (≥20% average replacement, 2021–2024)",Compliant
MI0067101,REGENCY AT WHITMORE LAKE,190,,,,,,,,,,,,125,125,,42.39919225,-83.75612463,https://echo.epa.gov/detailed-facility-report?fid=MI0067101&sys=SDWIS," Inventory completed, no lead lines identified ",No lead lines
MI0005655,REMUS APARTMENT COMPANY,100,,,,,,,,,,,,2,2,,43.55223833,-85.10782727,https://echo.epa.gov/detailed-facility-report?fid=MI0005655&sys=SDWIS," Inventory completed, no lead lines identified ",No lead lines
MI0005660,REPUBLIC TOWNSHIP,700,,,,4,,4,,5,69,74,5.1%,250,324,,46.37992565,-87.97596504,https://echo.epa.gov/detailed-facility-report?fid=MI0005660&sys=SDWIS," Not Compliant (<20% average replacement, 2021–2024) ",Not compliant
MI0000048,RICHLYN MANOR,192,,,,,,,,,,,,95,95,,41.91830304,-84.06798104,https://echo.epa.gov/detailed-facility-report?fid=MI0000048&sys=SDWIS," Inventory completed, no lead lines identified ",No lead lines
MI0005160,RICHMOND TOWNSHIP,489,,,,,,,,,,,,210,,,46.43999879,-87.59182043,https://echo.epa.gov/detailed-facility-report?fid=MI0005160&sys=SDWIS,Inventory not received or data not complete,Inventory not received or incomplete
MI0005670,"RICHMOND, CITY OF","5,733",,,,1,,1,,81,323,404,0.2%,"2,204","2,608",,42.8085788,-82.75356279,https://echo.epa.gov/detailed-facility-report?fid=MI0005670&sys=SDWIS," Not Compliant (<20% average replacement, 2021–2024) ",Not compliant
MI0000838,RIDGE VALLEY OF MILFORD,220,,,,,,,,,,,,138,138,,42.55537667,-83.37539452,https://echo.epa.gov/detailed-facility-report?fid=MI0000838&sys=SDWIS," Inventory completed, no lead lines identified ",No lead lines
MI0005673,RIDGEWAY,31,,,,,,,,,,,,2,2,,,,," Inventory completed, no lead lines identified ",No lead lines
MI0040671,RIDGEWOOD MOBILE HOME PARK INC,"1,030",,,,,,,,,,,,455,455,,42.60417745,-83.65123817,https://echo.epa.gov/detailed-facility-report?fid=MI0040671&sys=SDWIS," Inventory completed, no lead lines identified ",No lead lines
MI0005675,RIGA TOWNSHIP,266,,,,,,,,,,,,132,132,,41.79118236,-83.75269261,https://echo.epa.gov/detailed-facility-report?fid=MI0005675&sys=SDWIS," Inventory completed, no lead lines identified ",No lead lines
MI0040663,RIVER RIDGE  SALINE,720,,,,,,,,,,,,288,288,,42.16140897,-83.90097652,https://echo.epa.gov/detailed-facility-report?fid=MI0040663&sys=SDWIS," Inventory completed, no lead lines identified ",No lead lines
MI0005690,RIVER ROUGE,"7,224",,,97,139,241,477,155,,"2,481","2,636",15.3%,371,"3,007",2025,42.26759926,-83.13998586,https://echo.epa.gov/detailed-facility-report?fid=MI0005690&sys=SDWIS," Not Compliant (<20% average replacement, 2021–2024) ",Not compliant
MI0005692,RIVERBROOKE HOME OWNERS ASSOCIATION,37,,,,,,,,,,,,16,16,,41.81450021,-85.99745271,https://echo.epa.gov/detailed-facility-report?fid=MI0005692&sys=SDWIS," Inventory completed, no lead lines identified ",No lead lines
MI0004095,RIVERFRONT CONDOS OF NILES,90,,,,,,,,,,,,4,4,,41.91264651,-86.20838706,https://echo.epa.gov/detailed-facility-report?fid=MI0004095&sys=SDWIS," Inventory completed, no lead lines identified ",No lead lines
MI0040515,RIVERSBEND MOBILE HOME PARK,180,,,,,,,,,,,,51,51,,45.85664224,-88.084549,https://echo.epa.gov/detailed-facility-report?fid=MI0040515&sys=SDWIS," Inventory completed, no lead lines identified ",No lead lines
MI0040030,RIVERSIDE ESTATES,100,,,,,,,,,,,,43,43,,42.62410023,-86.15442073,https://echo.epa.gov/detailed-facility-report?fid=MI0040030&sys=SDWIS," Inventory completed, no lead lines identified ",No lead lines
MI0040065,RIVERSIDE ESTATES,218,,,,,,,,,,,,87,87,,41.85461564,-86.36748108,https://echo.epa.gov/detailed-facility-report?fid=MI0040065&sys=SDWIS," Inventory completed, no lead lines identified ",No lead lines
MI0005710,RIVERVIEW,"12,486",7,8,7,23,20,65,84,1,38,123,34.6%,"3,716","3,839",2024,42.17139423,-83.19108868,https://echo.epa.gov/detailed-facility-report?fid=MI0005710&sys=SDWIS,"Compliant (≥20% average replacement, 2021–2024)",Compliant
MI0040191,RIVERVIEW ESTATES,90,,,,,,,,,,,,36,36,,,,," Inventory completed, no lead lines identified ",No lead lines
MI0040288,RIVERVIEW MOBILE VILLAGE,392,,,,,,,,,,,,142,142,,43.18958626,-85.68316827,https://echo.epa.gov/detailed-facility-report?fid=MI0040288&sys=SDWIS," Inventory completed, no lead lines identified ",No lead lines
MI0005712,RIVERWALK DEVELOPMENT,137,,,,,,,,,,,,65,65,,42.67166224,-85.99099351,https://echo.epa.gov/detailed-facility-report?fid=MI0005712&sys=SDWIS," Inventory completed, no lead lines identified ",No lead lines
MI0005720,ROCHESTER,"7,130",18,10,6,7,5,46,,9,4,13,78.0%,"2,468","2,481",,42.68289274,-83.13388892,https://echo.epa.gov/detailed-facility-report?fid=MI0005720&sys=SDWIS,"Compliant (≥20% average replacement, 2021–2024)",Compliant
MI0005723,ROCHESTER EAST,"5,500",,,,,,,,,,,,"1,747","1,747",,42.69017268,-83.10693761,https://echo.epa.gov/detailed-facility-report?fid=MI0005723&sys=SDWIS," Inventory completed, no lead lines identified ",No lead lines
MI0000325,ROCHESTER HILLS,"74,000",,,,,,,,,,,,"23,882","23,882",,42.66462887,-83.15770665,https://echo.epa.gov/detailed-facility-report?fid=MI0000325&sys=SDWIS," Inventory completed, no lead lines identified ",No lead lines
MI0005730,ROCKFORD,"7,160",,,42,47,67,156,44,357,,401,28.0%,"2,174","2,575",,43.12375207,-85.55772765,https://echo.epa.gov/detailed-facility-report?fid=MI0005730&sys=SDWIS," Not Compliant (<20% average replacement, 2021–2024) ",Not compliant
MI0005740,ROCKLAND TOWNSHIP,350,,,,,,,15,45,3,63,0%,76,142,,46.73919203,-89.18146916,https://echo.epa.gov/detailed-facility-report?fid=MI0005740&sys=SDWIS," Not Compliant (<20% average replacement, 2021–2024) ",Not compliant
MI0005750,ROCKWOOD,"3,289",,,,,,,,,86,86,0%,997,"1,083",,42.07067616,-83.24661634,https://echo.epa.gov/detailed-facility-report?fid=MI0005750&sys=SDWIS," Not Compliant (<20% average replacement, 2021–2024) ",Not compliant
MI0005770,"ROGERS CITY, CITY OF","2,827",,,,,,,,,,,,"1,495","1,495",,45.41912452,-83.81887124,https://echo.epa.gov/detailed-facility-report?fid=MI0005770&sys=SDWIS," Inventory completed, no lead lines identified ",No lead lines
MI0005775,ROLLING MEADOWS WATER ASSN.,76,,,,,,,,,,,,31,31,,44.7623124,-85.7035664,https://echo.epa.gov/detailed-facility-report?fid=MI0005775&sys=SDWIS," Inventory completed, no lead lines identified ",No lead lines
MI0005780,"ROMEO, VILLAGE OF","3,750",,,,,,,,,551,551,0%,"1,024","1,575",,42.80642834,-83.01411142,https://echo.epa.gov/detailed-facility-report?fid=MI0005780&sys=SDWIS," Not Compliant (<20% average replacement, 2021–2024) ",Not compliant
MI0005785,ROMULUS,"23,989",3,11,8,11,14,47,43,14,"5,533","5,590",0.8%,"2,853","8,443",2017,42.22539532,-83.36991421,https://echo.epa.gov/detailed-facility-report?fid=MI0005785&sys=SDWIS," Not Compliant (<20% average replacement, 2021–2024) ",Not compliant
MI0005800,ROOSEVELT PARK,"3,831",7,5,39,23,35,109,224,107,,331,24.8%,"1,080","1,411",,43.19815556,-86.27335155,https://echo.epa.gov/detailed-facility-report?fid=MI0005800&sys=SDWIS," Not Compliant (<20% average replacement, 2021–2024) ",Not compliant
MI0005810,"ROSCOMMON, VILLAGE OF","1,075",3,5,4,7,5,24,,57,393,450,5.1%,27,477,,44.49373756,-84.59218732,https://echo.epa.gov/detailed-facility-report?fid=MI0005810&sys=SDWIS," Not Compliant (<20% average replacement, 2021–2024) ",Not compliant
MI0005815,"ROSE CITY, CITY OF",180,,,,,,,,,,,,66,66,,44.42113452,-84.11615741,https://echo.epa.gov/detailed-facility-report?fid=MI0005815&sys=SDWIS," Inventory completed, no lead lines identified ",No lead lines
MI0005816,ROSE HILL CENTER,70,,,,,,,,,,,,3,3,,,,," Inventory completed, no lead lines identified ",No lead lines
MI0005823,ROSEBUSH ESTATES APARTMENTS,30,,,,,,,,,,,,1,1,2025,43.69673545,-84.76870046,https://echo.epa.gov/detailed-facility-report?fid=MI0005823&sys=SDWIS," Inventory completed, no lead lines identified ",No lead lines
MI0005824,ROSEBUSH MANOR,25,,,,,,,,,,,,1,1,,43.69866492,-84.76946877,https://echo.epa.gov/detailed-facility-report?fid=MI0005824&sys=SDWIS," Inventory completed, no lead lines identified ",No lead lines
MI0005821,ROSEVILLE APARTMENTS,32,,,,,,,,,,,,4,4,,43.59094226,-85.25682205,https://echo.epa.gov/detailed-facility-report?fid=MI0005821&sys=SDWIS," Inventory completed, no lead lines identified ",No lead lines
MI0005820,"ROSEVILLE, CITY OF","47,299",3,3,4,8,28,46,108,127,983,"1,218",3.6%,"17,285","18,503",,42.51169859,-82.93503697,https://echo.epa.gov/detailed-facility-report?fid=MI0005820&sys=SDWIS," Not Compliant (<20% average replacement, 2021–2024) ",Not compliant
MI0040307,ROUND LAKE ESTATES,30,,,,,,,,,,,,108,108,,41.9635542,-84.28118972,https://echo.epa.gov/detailed-facility-report?fid=MI0040307&sys=SDWIS," Inventory completed, no lead lines identified ",No lead lines
MI0040255,ROYAL ESTATES,380,,,,,,,,,,,,183,183,,42.38326479,-85.67608881,https://echo.epa.gov/detailed-facility-report?fid=MI0040255&sys=SDWIS," Inventory completed, no lead lines identified ",No lead lines
MI0005840,ROYAL OAK TOWNSHIP,"1,864",2,1,16,9,5,33,7,3,97,107,23.6%,659,766,2020,42.44997409,-83.16220964,https://echo.epa.gov/detailed-facility-report?fid=MI0005840&sys=SDWIS,"Compliant (≥20% average replacement, 2021–2024)",Compliant
MI0005830,"ROYAL OAK, CITY OF","57,236",225,192,266,267,221,1171,879,723,766,"2,368",33.1%,"21,247","23,615",2019,42.50894068,-83.15439366,https://echo.epa.gov/detailed-facility-report?fid=MI0005830&sys=SDWIS,"Compliant (≥20% average replacement, 2021–2024)",Compliant
MI0005841,ROYAL VIEW RETIREMENT VILLAGE,80,,,,,,,,,,,,1,1,,43.56429288,-85.27102816,https://echo.epa.gov/detailed-facility-report?fid=MI0005841&sys=SDWIS," Inventory completed, no lead lines identified ",No lead lines
MI0005844,RUDYARD TOWNSHIP,250,,,,,,,,,,,,192,192,,46.23030095,-84.59633097,https://echo.epa.gov/detailed-facility-report?fid=MI0005844&sys=SDWIS," Inventory completed, no lead lines identified ",No lead lines
MI0040345,RUMBAUGH ESTATES LLC,125,,,,,,,,,7,7,0%,51,58,,43.65171548,-84.17463055,https://echo.epa.gov/detailed-facility-report?fid=MI0040345&sys=SDWIS," Not Compliant (<20% average replacement, 2021–2024) ",Not compliant
MI0040495,RUSH LAKE MHP/CAMPGROUND,41,,,,,,,,,,,,20,20,,42.24153121,-86.2100781,https://echo.epa.gov/detailed-facility-report?fid=MI0040495&sys=SDWIS," Inventory completed, no lead lines identified ",No lead lines
MI0040104,RUSTIC ACRES PARK,108,,,,,,,,,,,,69,69,,41.7774415,-85.82259102,https://echo.epa.gov/detailed-facility-report?fid=MI0040104&sys=SDWIS," Inventory completed, no lead lines identified ",No lead lines
MI0005849,SADDLE RIDGE CONDO ASSOC.,156,,,,,,,,,,,,230,230,,43.1687394,-85.61309312,https://echo.epa.gov/detailed-facility-report?fid=MI0005849&sys=SDWIS," Inventory completed, no lead lines identified ",No lead lines
MI0005860,SAGINAW CHARTER TOWNSHIP,"40,840",,,,,,,,,,,,"15,271","15,271",,43.44749798,-84.00878496,https://echo.epa.gov/detailed-facility-report?fid=MI0005860&sys=SDWIS," Inventory completed, no lead lines identified ",No lead lines
MI0005850,"SAGINAW, CITY OF","44,058",713,1143,931,1133,1020,4940,"6,317",,736,"7,053",41.2%,"19,769","26,822",,43.41990829,-83.96700714,https://echo.epa.gov/detailed-facility-report?fid=MI0005850&sys=SDWIS,"Compliant (≥20% average replacement, 2021–2024)",Compliant
MI0005880,SAGINAWMIDLAND WATER SUPPLY,,,,,,,,,,,,,,,,,,,No service lines; wholesale only,No service lines; wholesale only
MI0005900,SALINE,"9,158",,,1,1,,2,43,,"1,468","1,511",0.1%,"1,629","3,140",,42.17956743,-83.77193186,https://echo.epa.gov/detailed-facility-report?fid=MI0005900&sys=SDWIS," Not Compliant (<20% average replacement, 2021–2024) ",Not compliant
MI0005901,SALINE VALLEY FARMS,375,,,,,,,,,,,,156,156,,42.1303033,-83.76860241,https://echo.epa.gov/detailed-facility-report?fid=MI0005901&sys=SDWIS," Inventory completed, no lead lines identified ",No lead lines
MI0005903,SAND BEACH TOWNSHIP,475,,,,,,,,,,,,207,207,,43.75894474,-82.77001504,https://echo.epa.gov/detailed-facility-report?fid=MI0005903&sys=SDWIS," Inventory completed, no lead lines identified ",No lead lines
MI0005907,SAND LAKE,360,,,,,,,,,,,,227,227,,43.29106748,-85.51469546,https://echo.epa.gov/detailed-facility-report?fid=MI0005907&sys=SDWIS," Inventory completed, no lead lines identified ",No lead lines
MI0040592,SANDHILL ESTATES,75,,,,,,,,,,,,50,50,,43.06136234,-83.18128541,https://echo.epa.gov/detailed-facility-report?fid=MI0040592&sys=SDWIS," Inventory completed, no lead lines identified ",No lead lines
MI0005905,SANDHILL MANOR,148,,,,,,,,,,,,12,12,,44.2954474,-84.69817928,https://echo.epa.gov/detailed-facility-report?fid=MI0005905&sys=SDWIS," Inventory completed, no lead lines identified ",No lead lines
MI0040447,SANDPIPER ESTATES,215,,,,,,,,,,,,93,93,,43.23639558,-82.52664961,https://echo.epa.gov/detailed-facility-report?fid=MI0040447&sys=SDWIS," Inventory completed, no lead lines identified ",No lead lines
MI0005920,"SANDUSKY, CITY OF","2,679",,,2,4,,6,,,,,100.0%,"1,043","1,043",,43.42087205,-82.83149463,https://echo.epa.gov/detailed-facility-report?fid=MI0005920&sys=SDWIS,100% replaced,100% replaced
MI0005911,SANDY PINES,157,,,,,,,,,,,,54,54,2022,42.68859808,-85.80860689,https://echo.epa.gov/detailed-facility-report?fid=MI0005911&sys=SDWIS," Inventory completed, no lead lines identified ",No lead lines
MI0005925,SANILAC TOWNSHIP,674,,,,,,,,,,,,523,523,,43.41760536,-82.57042298,https://echo.epa.gov/detailed-facility-report?fid=MI0005925&sys=SDWIS," Inventory completed, no lead lines identified ",No lead lines
MI0040013,SAPPHIRE ESTATES MOBILE HOME PARK,138,,,,,,,,,,,,55,55,,42.69834596,-85.83663201,https://echo.epa.gov/detailed-facility-report?fid=MI0040013&sys=SDWIS," Inventory completed, no lead lines identified ",No lead lines
MI0005930,SARANAC,"1,343",,,,,,,,,143,143,0%,343,486,,42.92752027,-85.20768911,https://echo.epa.gov/detailed-facility-report?fid=MI0005930&sys=SDWIS," Not Compliant (<20% average replacement, 2021–2024) ",Not compliant
MI0040575,SASHABAW MEADOWS MHP,"1,278",,,,,,,,,,,,100,100,,,,," Inventory completed, no lead lines identified ",No lead lines
MI0005950,SAULT STE MARIE,"14,689",3,2,7,14,10,36,199,186,,385,8.6%,"4,880","5,265",,46.47862042,-84.37694434,https://echo.epa.gov/detailed-facility-report?fid=MI0005950&sys=SDWIS," Not Compliant (<20% average replacement, 2021–2024) ",Not compliant
MI0005970,SCHOOLCRAFT,"1,587",1,5,3,21,37,67,121,194,,315,17.5%,331,646,,42.11619101,-85.63475781,https://echo.epa.gov/detailed-facility-report?fid=MI0005970&sys=SDWIS," Not Compliant (<20% average replacement, 2021–2024) ",Not compliant
MI0005977,SCIO TOWNSHIP,"8,500",,,,,,,,,,,,"2,675","2,675",,42.28475508,-83.83490106,https://echo.epa.gov/detailed-facility-report?fid=MI0005977&sys=SDWIS," Inventory completed, no lead lines identified ",No lead lines
MI0005980,"SCOTTVILLE, CITY OF","1,536",,8,10,3,40,61,28,84,9,121,33.5%,466,587,,43.95516439,-86.27866383,https://echo.epa.gov/detailed-facility-report?fid=MI0005980&sys=SDWIS," Not Compliant (<20% average replacement, 2021–2024) ",Not compliant
MI0005990,SEBEWAING LIGHT & WATER,"1,721",,,,,,,,,,,,980,980,,43.7328757,-83.44272519,https://echo.epa.gov/detailed-facility-report?fid=MI0005990&sys=SDWIS," Inventory completed, no lead lines identified ",No lead lines
MI0040168,SECORD LAKE MHP,43,,,,,,,,,,,,48,48,,44.06271658,-84.34490597,https://echo.epa.gov/detailed-facility-report?fid=MI0040168&sys=SDWIS," Inventory completed, no lead lines identified ",No lead lines
MI0040024,SELKIRK LAKE MOBILE HOME PARK,62,,,,,,,,,,,,24,24,,,,," Inventory completed, no lead lines identified ",No lead lines
MI0005991,SENEY TOWNSHIP,100,,,,,,,,,,,,91,91,,46.50295992,-85.94501983,https://echo.epa.gov/detailed-facility-report?fid=MI0005991&sys=SDWIS," Inventory completed, no lead lines identified ",No lead lines
MI0003857,SERENE GARDENS OF DEWITT,39,,,,,,, ,,,,,,,,42.86431288,-84.48500336,https://echo.epa.gov/detailed-facility-report?fid=MI0003857&sys=SDWIS,Inventory not received or data not complete,Inventory not received or incomplete
MI0040025,"SHADY ACRES COMMUNITY, LLC",147,,,,,,,,,,,,59,59,,42.63494573,-85.96467444,https://echo.epa.gov/detailed-facility-report?fid=MI0040025&sys=SDWIS," Inventory completed, no lead lines identified ",No lead lines
MI0040496,SHADY BROOK MOBILE HOME PARK,50,,,,,,,,,,,,13,13,,42.27130032,-85.86540979,https://echo.epa.gov/detailed-facility-report?fid=MI0040496&sys=SDWIS," Inventory completed, no lead lines identified ",No lead lines
MI0040026,SHANGRAILA VILLAGE,165,,,,,,,,,,,,66,66,,42.6867903,-86.15371933,https://echo.epa.gov/detailed-facility-report?fid=MI0040026&sys=SDWIS," Inventory completed, no lead lines identified ",No lead lines
MI0005995,SHANTY CREEK  WATARS ASSOCIATION,"1,250",,,,,,,,,,,,70,70,,44.95450964,-85.19402343,https://echo.epa.gov/detailed-facility-report?fid=MI0005995&sys=SDWIS," Inventory completed, no lead lines identified ",No lead lines
MI0001073,SHAWONO CENTER  DHS,40,,,,,,,,,,,,1,1,,44.77760584,-84.75391271,https://echo.epa.gov/detailed-facility-report?fid=MI0001073&sys=SDWIS," Inventory completed, no lead lines identified ",No lead lines
MI0006000,SHELBY,"1,964",2,2,235,76,,315,57,289,,346,47.7%,454,800,,43.6106813,-86.36446663,https://echo.epa.gov/detailed-facility-report?fid=MI0006000&sys=SDWIS,"Compliant (≥20% average replacement, 2021–2024)",Compliant
MI0006010,SHELBY TOWNSHIP,"72,000",,,,,,,,,,,,"24,808","24,808",,42.67089007,-83.03320633,https://echo.epa.gov/detailed-facility-report?fid=MI0006010&sys=SDWIS," Inventory completed, no lead lines identified ",No lead lines
MI0006025,SHELDON DUNES,176,,,,,,,,,60,60,0%,32,92,,42.94388398,-86.21278135,https://echo.epa.gov/detailed-facility-report?fid=MI0006025&sys=SDWIS," Not Compliant (<20% average replacement, 2021–2024) ",Not compliant
MI0006030,"SHEPHERD, VILLAGE OF","1,515",4,,3,264,118,389,,32,,32,92.4%,560,,,43.52264675,-84.69167769,https://echo.epa.gov/detailed-facility-report?fid=MI0006030&sys=SDWIS,Inventory not received or data not complete,Inventory not received or incomplete
MI0006040,SHERIDAN,649,,,,1,3,4,,29,,29,12.1%,251,280,,43.21113369,-85.07289686,https://echo.epa.gov/detailed-facility-report?fid=MI0006040&sys=SDWIS," Not Compliant (<20% average replacement, 2021–2024) ",Not compliant
MI0040351,SHERIDAN ESTATES,65,,,,,,,,,,,,26,26,,43.20848188,-85.06314528,https://echo.epa.gov/detailed-facility-report?fid=MI0040351&sys=SDWIS," Inventory completed, no lead lines identified ",No lead lines
MI0040242,SHERMAN OAKS,915,,,,,,,,,,,,366,366,,42.33617117,-84.41930206,https://echo.epa.gov/detailed-facility-report?fid=MI0040242&sys=SDWIS," Inventory completed, no lead lines identified ",No lead lines
MI0002590,SHERMAN TOWNSHIP,40,,,,,,,,,60,60,0%,,60,,47.23732519,-88.22278301,https://echo.epa.gov/detailed-facility-report?fid=MI0002590&sys=SDWIS," Not Compliant (<20% average replacement, 2021–2024) ",Not compliant
MI0006042,SHERWOOD SHORES CONDOMINIUMS,90,,,,,,,,,,,,37,37,2019,42.21211024,-86.25077789,https://echo.epa.gov/detailed-facility-report?fid=MI0006042&sys=SDWIS," Inventory completed, no lead lines identified ",No lead lines
MI0006070,SHOREWOOD HILLS SUBDIVISION,256,,,,,,,,,13,13,0%,59,72,2025,42.58763925,-83.32489786,https://echo.epa.gov/detailed-facility-report?fid=MI0006070&sys=SDWIS," Not Compliant (<20% average replacement, 2021–2024) ",Not compliant
MI0040519,SILVER CREEK ESTATES MOBILE HOME COURT,260,,,,,,,,,,,,104,104,,46.4904106,-87.35725866,https://echo.epa.gov/detailed-facility-report?fid=MI0040519&sys=SDWIS," Inventory completed, no lead lines identified ",No lead lines
MI0040322,SILVER LAKE MOBILE HOME PARK,68,,,,,,,,,,,,26,26,,42.47069576,-83.72649805,https://echo.epa.gov/detailed-facility-report?fid=MI0040322&sys=SDWIS," Inventory completed, no lead lines identified ",No lead lines
MI0040175,SILVER LAKE VIEW MOBILE HOME PARK,98,,,,,,,,,,,,49,49,,44.70603326,-85.68149435,https://echo.epa.gov/detailed-facility-report?fid=MI0040175&sys=SDWIS," Inventory completed, no lead lines identified ",No lead lines
MI0006071,"SILVER LAKE WATER AUTHORITY, INC.",250,,,,,,,,,,,,123,123,,43.08917402,-85.4675118,https://echo.epa.gov/detailed-facility-report?fid=MI0006071&sys=SDWIS," Inventory completed, no lead lines identified ",No lead lines
MI0040176,SILVER SHORES MOBILE HOME PARK,360,,,,,,,,,,,,210,210,,44.67308317,-85.68536443,https://echo.epa.gov/detailed-facility-report?fid=MI0040176&sys=SDWIS," Inventory completed, no lead lines identified ",No lead lines
MI0006073,SIMSWHITNEY UTILITIES AUTH.,"5,815",,,,,,,,,,,,"1,744","1,744",2018,44.12362237,-83.57691363,https://echo.epa.gov/detailed-facility-report?fid=MI0006073&sys=SDWIS," Inventory completed, no lead lines identified ",No lead lines
MI0006074,"SISTERS OF MARY, MOTHER OF EUCHARIST",100,,,,,,,,,,,,1,1,,42.33525821,-83.67315658,https://echo.epa.gov/detailed-facility-report?fid=MI0006074&sys=SDWIS," Inventory completed, no lead lines identified ",No lead lines
MI0006075,SKANDIAWEST BRANCH WATER DEPT,275,,,,,,,,,,,,81,81,,46.37205494,-87.22967475,https://echo.epa.gov/detailed-facility-report?fid=MI0006075&sys=SDWIS," Inventory completed, no lead lines identified ",No lead lines
MI0006079,SODUS TOWNSHIP,1,,,,,,,,,,,,27,27,,,,," Inventory completed, no lead lines identified ",No lead lines
MI0040184,SOMERSET CENTRE ESTATES,368,,,,,,,,,,,,147,147,,42.05757446,-84.39532296,https://echo.epa.gov/detailed-facility-report?fid=MI0040184&sys=SDWIS," Inventory completed, no lead lines identified ",No lead lines
MI0040076,SOMERSET MOBILE HOME PARK,64,,,,,,,,,,,,56,56,,41.96941282,-85.05861159,https://echo.epa.gov/detailed-facility-report?fid=MI0040076&sys=SDWIS," Inventory completed, no lead lines identified ",No lead lines
MI0006081,"SOMMERSET WATER WORKS, INC.",75,,,,,,,,,,,,14,14,,45.21807313,-85.06952771,https://echo.epa.gov/detailed-facility-report?fid=MI0006081&sys=SDWIS," Inventory completed, no lead lines identified ",No lead lines
MI0006080,SOUTH BLOOMFIELD HIGHLANDS,621,,,,,,,,,2,2,0%,207,209,,42.5985937,-83.25971812,https://echo.epa.gov/detailed-facility-report?fid=MI0006080&sys=SDWIS," Not Compliant (<20% average replacement, 2021–2024) ",Not compliant
MI0006101,SOUTH HAVEN AREA WATER & SEWER AUTHORITY,"9,133",59,101,45,69,677,951,31,203,"1,860","2,094",31.2%,"2,981","5,075",,42.40061451,-86.26570449,https://echo.epa.gov/detailed-facility-report?fid=MI0006101&sys=SDWIS," Not Compliant (<20% average replacement, 2021–2024) ",Not compliant
MI0006110,"SOUTH LYON, CITY OF","11,055",,,,1,1,2,2,38,457,497,0.4%,"3,233","3,730",,42.46880223,-83.65184481,https://echo.epa.gov/detailed-facility-report?fid=MI0006110&sys=SDWIS," Not Compliant (<20% average replacement, 2021–2024) ",Not compliant
MI0006115,SOUTH POINTE I APARTMENTS,32,,,,,,,,,,,,1,1,,45.39063098,-84.62671339,https://echo.epa.gov/detailed-facility-report?fid=MI0006115&sys=SDWIS," Inventory completed, no lead lines identified ",No lead lines
MI0006116,SOUTH POINTE II APARTMENTS,48,,,,,,,,,,,,1,1,,45.37623753,-84.62828193,https://echo.epa.gov/detailed-facility-report?fid=MI0006116&sys=SDWIS," Inventory completed, no lead lines identified ",No lead lines
MI0006117,SOUTH POINTE III APARTMENTS,32,,,,,,,,,,,,2,2,,45.27219092,-84.60575489,https://echo.epa.gov/detailed-facility-report?fid=MI0006117&sys=SDWIS," Inventory completed, no lead lines identified ",No lead lines
MI0006120,SOUTH RANGE,745,,,,,,,,,,,,349,349,,47.07190378,-88.64400612,https://echo.epa.gov/detailed-facility-report?fid=MI0006120&sys=SDWIS," Inventory completed, no lead lines identified ",No lead lines
MI0006130,SOUTH ROCKWOOD,"1,587",,,,,,,,,,,,561,561,,42.0612613,-83.25338048,https://echo.epa.gov/detailed-facility-report?fid=MI0006130&sys=SDWIS," Inventory completed, no lead lines identified ",No lead lines
MI0004890,SOUTH SHORE WATER SYSTEM,488,,,,,1,1,,68,61,129,0.8%,115,244,,42.06621297,-84.18093182,https://echo.epa.gov/detailed-facility-report?fid=MI0004890&sys=SDWIS," Not Compliant (<20% average replacement, 2021–2024) ",Not compliant
MI0004877,SOUTHEAST OAKLAND TOWNSHIP,"1,859",,,,,,,,,,,,797,797,,42.72985367,-83.13818906,https://echo.epa.gov/detailed-facility-report?fid=MI0004877&sys=SDWIS," Inventory completed, no lead lines identified ",No lead lines
MI0006150,SOUTHEASTERN OAKLAND CO W AUTH,,,,,,,,,,,,,,,,,,,No service lines; wholesale only,No service lines; wholesale only
MI0006160,SOUTHFIELD,"71,739",1,1,1,14,,17,1,1,"1,570","1,572",1.1%,"18,532","20,104",,42.47841025,-83.25732149,https://echo.epa.gov/detailed-facility-report?fid=MI0006160&sys=SDWIS," Not Compliant (<20% average replacement, 2021–2024) ",Not compliant
MI0006170,SOUTHGATE,"30,047",30,5,17,35,29,116,192,"9,735",663,"10,590",1.1%,16,"10,606",,42.20188594,-83.20732678,https://echo.epa.gov/detailed-facility-report?fid=MI0006170&sys=SDWIS," Not Compliant (<20% average replacement, 2021–2024) ",Not compliant
MI0040060,SOUTHTOWN MHP,160,,,,,,,,,,,,68,68,,41.87436119,-86.28350479,https://echo.epa.gov/detailed-facility-report?fid=MI0040060&sys=SDWIS," Inventory completed, no lead lines identified ",No lead lines
MI0003726,SOUTHWEST MICHIGAN REGIONAL SANITARY SEW,"26,780",,,,,2,2,2,18,"7,864","7,884",0.0%,"5,581","13,465",,42.02130877,-86.49694879,https://echo.epa.gov/detailed-facility-report?fid=MI0003726&sys=SDWIS," Not Compliant (<20% average replacement, 2021–2024) ",Not compliant
MI0004878,SOUTHWEST OAKLAND TOWNSHIP,"4,909",,,,,,,,,,,,"2,066","2,066",,42.72767439,-83.19635283,https://echo.epa.gov/detailed-facility-report?fid=MI0004878&sys=SDWIS," Inventory completed, no lead lines identified ",No lead lines
MI0006200,SPARTA,"4,140",5,21,16,18,24,84,,56,49,105,44.4%,"1,530","1,635",,43.15624526,-85.71006947,https://echo.epa.gov/detailed-facility-report?fid=MI0006200&sys=SDWIS,"Compliant (≥20% average replacement, 2021–2024)",Compliant
MI0006210,SPAULDING TOWNSHIP,"2,153",,,,,,,,,,,,780,780,,43.34848297,-83.94235169,https://echo.epa.gov/detailed-facility-report?fid=MI0006210&sys=SDWIS," Inventory completed, no lead lines identified ",No lead lines
MI0006230,SPRING LAKE,"2,512",4,7,17,52,90,170,,"1,110",,"1,110",13.3%,137,"1,247",,43.06029019,-86.17653586,https://echo.epa.gov/detailed-facility-report?fid=MI0006230&sys=SDWIS," Not Compliant (<20% average replacement, 2021–2024) ",Not compliant
MI0006232,SPRING LAKE CLUB CONDOMINIUMS,87,,,,,,,,,,,,4,4,,45.39256113,-84.90527989,https://echo.epa.gov/detailed-facility-report?fid=MI0006232&sys=SDWIS," Inventory completed, no lead lines identified ",No lead lines
MI0006235,SPRING LAKE TOWNSHIP,"9,393",,,,,,,,,,,,"4,441","4,441",,43.09152539,-86.17865634,https://echo.epa.gov/detailed-facility-report?fid=MI0006235&sys=SDWIS," Inventory completed, no lead lines identified ",No lead lines
MI0040230,SPRING VALLEY ESTATES,117,,,,,,,,,33,33,0%,61,94,,42.10203061,-84.55229821,https://echo.epa.gov/detailed-facility-report?fid=MI0040230&sys=SDWIS," Not Compliant (<20% average replacement, 2021–2024) ",Not compliant
MI0040327,SPRINGBROOK ESTATES MHC,990,,,,,,,,,,,,80,80,,42.82170407,-83.01466755,https://echo.epa.gov/detailed-facility-report?fid=MI0040327&sys=SDWIS," Inventory completed, no lead lines identified ",No lead lines
MI0006240,SPRINGFIELD,"3,833",2,,15,,13,30,,,1,1,96.8%,"1,693","1,694",,42.32582574,-85.23794099,https://echo.epa.gov/detailed-facility-report?fid=MI0006240&sys=SDWIS,"Compliant (≥20% average replacement, 2021–2024)",Compliant
MI0006250,SPRINGPORT,800,,,,,,,,,,,,271,271,,42.37834329,-84.69648074,https://echo.epa.gov/detailed-facility-report?fid=MI0006250&sys=SDWIS," Inventory completed, no lead lines identified ",No lead lines
MI0040397,SPRINGROVE MHC,"1,060",,,,,,,,,,,,424,424,,42.78016352,-83.50116709,https://echo.epa.gov/detailed-facility-report?fid=MI0040397&sys=SDWIS," Inventory completed, no lead lines identified ",No lead lines
MI0003749,SPRINGS/PORTSMOUTH APARTMENTS,"3,200",,,,,,,,,,,,17,17,,42.52123771,-83.51706296,https://echo.epa.gov/detailed-facility-report?fid=MI0003749&sys=SDWIS," Inventory completed, no lead lines identified ",No lead lines
MI0006370,SPSM,"7,166",,,,,,,,,,,,63,63,,42.33808801,-84.37677569,https://echo.epa.gov/detailed-facility-report?fid=MI0006370&sys=SDWIS," Inventory completed, no lead lines identified ",No lead lines
MI0006290,ST IGNACE,"2,987",,,,,,,84,242,,326,0%,"1,193","1,519",,45.8746626,-84.72880364,https://echo.epa.gov/detailed-facility-report?fid=MI0006290&sys=SDWIS," Not Compliant (<20% average replacement, 2021–2024) ",Not compliant
MI0006310,ST JOSEPH,"8,789",130,199,222,170,27,748,"1,566",259,361,"2,186",25.5%,"1,750","3,936",,42.10171007,-86.4819405,https://echo.epa.gov/detailed-facility-report?fid=MI0006310&sys=SDWIS,"Compliant (≥20% average replacement, 2021–2024)",Compliant
MI0006260,"ST. CHARLES, VILLAGE OF","2,054",,3,50,20,6,79,,19,408,427,15.6%,524,951,,43.30009279,-84.15219885,https://echo.epa.gov/detailed-facility-report?fid=MI0006260&sys=SDWIS," Not Compliant (<20% average replacement, 2021–2024) ",Not compliant
MI0006280,"ST. CLAIR SHORES, CITY OF","59,715",322,29,14,7,8,380,12,,791,803,32.1%,"27,206","28,009",2021,42.49259785,-82.89595281,https://echo.epa.gov/detailed-facility-report?fid=MI0006280&sys=SDWIS,"Compliant (≥20% average replacement, 2021–2024)",Compliant
MI0006282,ST. CLAIR TOWNSHIP,"3,270",,,,,,,,,291,291,0%,731,"1,022",,42.84486449,-82.55779297,https://echo.epa.gov/detailed-facility-report?fid=MI0006282&sys=SDWIS," Not Compliant (<20% average replacement, 2021–2024) ",Not compliant
MI0006284,ST. CLAIR WATER AND SEWER AUTHORITY,"5,847",,,,1,6,7,,20,452,472,1.5%,"1,364","1,836",,42.75361559,-82.4909246,https://echo.epa.gov/detailed-facility-report?fid=MI0006284&sys=SDWIS," Not Compliant (<20% average replacement, 2021–2024) ",Not compliant
MI0006270,"ST. CLAIR, CITY OF","5,485",,,7,14,18,39,,73,"1,376","1,449",2.6%,955,"2,404",,42.82512717,-82.49424139,https://echo.epa.gov/detailed-facility-report?fid=MI0006270&sys=SDWIS," Not Compliant (<20% average replacement, 2021–2024) ",Not compliant
MI0006300,"ST. JOHNS, CITY OF","7,896",3,3,4,4,6,20,894,6,"1,262","2,162",0.9%,790,"2,952",,43.00033291,-84.55590906,https://echo.epa.gov/detailed-facility-report?fid=MI0006300&sys=SDWIS," Not Compliant (<20% average replacement, 2021–2024) ",Not compliant
MI0006325,ST. LOUIS CENTER,56,,,,,,,,,,,,13,13,,,,," Inventory completed, no lead lines identified ",No lead lines
MI0006320,"ST. LOUIS, CITY OF","6,976",8,5,13,19,97,142,4,381,108,493,22.4%,965,"1,458",,43.40690745,-84.60802482,https://echo.epa.gov/detailed-facility-report?fid=MI0006320&sys=SDWIS," Not Compliant (<20% average replacement, 2021–2024) ",Not compliant
MI0003350,STAMBAUGH TOWNSHIPINDIAN LAKE,290,,,,,,,,,104,104,0%,52,156,,46.04358715,-88.51153439,https://echo.epa.gov/detailed-facility-report?fid=MI0003350&sys=SDWIS," Not Compliant (<20% average replacement, 2021–2024) ",Not compliant
MI0006090,STAMBAUGH TOWNSHIPWEST BRULE,580,,,,,,,,,260,260,0%,206,466,,46.02779725,-88.69551149,https://echo.epa.gov/detailed-facility-report?fid=MI0006090&sys=SDWIS," Not Compliant (<20% average replacement, 2021–2024) ",Not compliant
MI0002940,STAMBAUGH TWP  HAGERMAN LAKE,230,,,,,,,,,100,100,0%,77,177,,46.04523482,-88.73415157,https://echo.epa.gov/detailed-facility-report?fid=MI0002940&sys=SDWIS," Not Compliant (<20% average replacement, 2021–2024) ",Not compliant
MI0006350,"STANDISH, CITY OF","1,509",3,,,1,1,5,,11,,11,31.2%,697,708,,43.9814769,-83.9623959,https://echo.epa.gov/detailed-facility-report?fid=MI0006350&sys=SDWIS,"Compliant (≥20% average replacement, 2021–2024)",Compliant
MI0006360,STANTON,"1,417",,,,4,37,41,3,288,,291,12.3%,212,503,,43.29214521,-85.08574221,https://echo.epa.gov/detailed-facility-report?fid=MI0006360&sys=SDWIS," Not Compliant (<20% average replacement, 2021–2024) ",Not compliant
MI0040323,STARLIGHT MOBILE HOME PARK,79,,,,,,,,,,,,48,48,,42.49752226,-83.75403579,https://echo.epa.gov/detailed-facility-report?fid=MI0040323&sys=SDWIS," Inventory completed, no lead lines identified ",No lead lines
MI0006380,STEPHENSON,862,,,,,,,,,,,,419,419,,45.41483263,-87.61039903,https://echo.epa.gov/detailed-facility-report?fid=MI0006380&sys=SDWIS," Inventory completed, no lead lines identified ",No lead lines
MI0006385,"STERLING HEIGHTS, CITY OF","127,000",,,,,,,,,"1,995","1,995",0%,"37,900","39,895",,42.5810279,-83.03043236,https://echo.epa.gov/detailed-facility-report?fid=MI0006385&sys=SDWIS," Not Compliant (<20% average replacement, 2021–2024) ",Not compliant
MI0006420,"STOCKBRIDGE, VILLAGE OF","1,202",1,,,,,1,354,4,,358,0.3%,168,526,,42.4637483,-84.19295581,https://echo.epa.gov/detailed-facility-report?fid=MI0006420&sys=SDWIS," Not Compliant (<20% average replacement, 2021–2024) ",Not compliant
MI0040443,STODDARD MOBILE HOME COURT,285,,,,,,,,,,,,125,125,,43.1737539,-84.16994895,https://echo.epa.gov/detailed-facility-report?fid=MI0040443&sys=SDWIS," Inventory completed, no lead lines identified ",No lead lines
MI0006423,STONE RIDGE,367,,,,,,,,,,,,137,137,,42.43334695,-83.73776841,https://echo.epa.gov/detailed-facility-report?fid=MI0006423&sys=SDWIS," Inventory completed, no lead lines identified ",No lead lines
MI0040199,STONEGATE MOBILE HOME COMMUNITY,647,,,,,,,,,,,,308,308,,42.65908707,-84.59431776,https://echo.epa.gov/detailed-facility-report?fid=MI0040199&sys=SDWIS," Inventory completed, no lead lines identified ",No lead lines
MI0006428,"STONEHEDGE CLUB OWNERS ASSOCIATION, INC.",95,,,,,,,,,,,,49,49,,45.58691989,-84.78410938,https://echo.epa.gov/detailed-facility-report?fid=MI0006428&sys=SDWIS," Inventory completed, no lead lines identified ",No lead lines
MI0006440,STURGIS,"11,920",69,30,45,51,110,305,"1,341",176,75,"1,592",16.1%,"2,410","4,002",,41.7978741,-85.41630606,https://echo.epa.gov/detailed-facility-report?fid=MI0006440&sys=SDWIS," Not Compliant (<20% average replacement, 2021–2024) ",Not compliant
MI0040177,SUBURBAN ESTATES MHP,150,,,,,,,,,,,,78,78,,,,," Inventory completed, no lead lines identified ",No lead lines
MI0006446,SUGAR LOAF TOWNHOUSES,150,,,,,,,,,,,,72,72,,44.92022866,-85.81432662,https://echo.epa.gov/detailed-facility-report?fid=MI0006446&sys=SDWIS," Inventory completed, no lead lines identified ",No lead lines
MI0040256,SUGARLOAF MOBILE HOME PARK,142,,,,,,,,,,,,58,,,42.12458555,-85.63089203,https://echo.epa.gov/detailed-facility-report?fid=MI0040256&sys=SDWIS,Inventory not received or data not complete,Inventory not received or incomplete
MI0006575,SUGARTREE APARTMENTS,375,,,,,,,,,,,,7,7,2025,43.13787782,-83.69098598,https://echo.epa.gov/detailed-facility-report?fid=MI0006575&sys=SDWIS," Inventory completed, no lead lines identified ",No lead lines
MI0040187,SUMMER WOOD ESTATES,170,,,,,,,,,,,,71,71,,43.81209951,-83.00509155,https://echo.epa.gov/detailed-facility-report?fid=MI0040187&sys=SDWIS," Inventory completed, no lead lines identified ",No lead lines
MI0006448,SUMMERSET MEADOWS,100,,,,,,,,,,,,74,74,,43.08527201,-85.48234956,https://echo.epa.gov/detailed-facility-report?fid=MI0006448&sys=SDWIS," Inventory completed, no lead lines identified ",No lead lines
MI0006450,SUMMIT TOWNSHIP,"25,355",,,,,,,,,,,,"7,870","7,870",,42.22542781,-84.44149083,https://echo.epa.gov/detailed-facility-report?fid=MI0006450&sys=SDWIS," Inventory completed, no lead lines identified ",No lead lines
MI0006460,SUMPTER TOWNSHIP,"9,576",,,,,,,,,,,,"3,401","3,401",,42.14109529,-83.49021844,https://echo.epa.gov/detailed-facility-report?fid=MI0006460&sys=SDWIS," Inventory completed, no lead lines identified ",No lead lines
MI0006465,SUN MEADOWS APARTMENTS,98,,,,,,,,,,,,8,8,,42.09123183,-85.64253143,https://echo.epa.gov/detailed-facility-report?fid=MI0006465&sys=SDWIS," Inventory completed, no lead lines identified ",No lead lines
MI0006470,"SUNFIELD, VILLAGE OF",680,,,,,,,,,,,,250,250,,42.75941284,-84.99511999,https://echo.epa.gov/detailed-facility-report?fid=MI0006470&sys=SDWIS," Inventory completed, no lead lines identified ",No lead lines
MI0006480,SUNNYDALE GARDENS WATER ASSOCIATION,190,,,,,,,,,,,,40,40,,42.63293797,-83.16702486,https://echo.epa.gov/detailed-facility-report?fid=MI0006480&sys=SDWIS," Inventory completed, no lead lines identified ",No lead lines
MI0040466,SUNRISE MHP,120,,,,,,,,,,,,48,48,,43.13195887,-82.66027311,https://echo.epa.gov/detailed-facility-report?fid=MI0040466&sys=SDWIS," Inventory completed, no lead lines identified ",No lead lines
MI0006484,SUNSET BEACH ASSOCIATION,29,,,,,,,,,,,,18,18,,45.48501824,-84.59362232,https://echo.epa.gov/detailed-facility-report?fid=MI0006484&sys=SDWIS," Inventory completed, no lead lines identified ",No lead lines
MI0040416,SUNSET ESTATES GAYLORD,50,,,,,,,,,,,,20,20,,45.12634345,-84.66872231,https://echo.epa.gov/detailed-facility-report?fid=MI0040416&sys=SDWIS," Inventory completed, no lead lines identified ",No lead lines
MI0040313,SUNSET MHP,53,,,,,,,,,,,,50,50,,,,," Inventory completed, no lead lines identified ",No lead lines
MI0040449,SUNSET MOBILE HOME PARK,263,,,,,,,,,,,,105,105,,43.45023479,-82.94005872,https://echo.epa.gov/detailed-facility-report?fid=MI0040449&sys=SDWIS," Inventory completed, no lead lines identified ",No lead lines
MI0040662,SUNSET RIDGE MHC,360,,,,,,,,,,,,455,455,,42.86787515,-84.93513645,https://echo.epa.gov/detailed-facility-report?fid=MI0040662&sys=SDWIS," Inventory completed, no lead lines identified ",No lead lines
MI0040653,SUNSET SHORES,200,,,,,,,,,,,,80,80,,43.57977765,-85.2937455,https://echo.epa.gov/detailed-facility-report?fid=MI0040653&sys=SDWIS," Inventory completed, no lead lines identified ",No lead lines
MI0006485,SUNSET TORCH ASSOCIATION,84,,,,,,,,,49,49,0%,,49,,44.9407369,-85.28427685,https://echo.epa.gov/detailed-facility-report?fid=MI0006485&sys=SDWIS," Not Compliant (<20% average replacement, 2021–2024) ",Not compliant
MI0000880,SUPERIOR TOWNSHIP,767,,,,,,,,,,,,319,319,,46.42167838,-84.5786873,https://echo.epa.gov/detailed-facility-report?fid=MI0000880&sys=SDWIS," Inventory completed, no lead lines identified ",No lead lines
MI0006490,SUPERIOR TOWNSHIP,"6,830",,,,,,,,,,,,"2,632","2,632",,42.28194417,-83.62102474,https://echo.epa.gov/detailed-facility-report?fid=MI0006490&sys=SDWIS," Inventory completed, no lead lines identified ",No lead lines
MI0006500,"SUTTONS BAY, VILLAGE OF",874,,4,1,,,5,102,53,,155,3.1%,119,274,,44.9794259,-85.64905745,https://echo.epa.gov/detailed-facility-report?fid=MI0006500&sys=SDWIS," Not Compliant (<20% average replacement, 2021–2024) ",Not compliant
MI0006502,SWAN CREEK TOWNSHIP,"2,023",,,,,,,,,,,,"1,008","1,008",,43.36553818,-84.14272139,https://echo.epa.gov/detailed-facility-report?fid=MI0006502&sys=SDWIS," Inventory completed, no lead lines identified ",No lead lines
MI0040027,SWAN LAKE MOBILE ESTATES,100,,,,,,, ,,,,,,,,42.46330483,-85.96686688,https://echo.epa.gov/detailed-facility-report?fid=MI0040027&sys=SDWIS,Inventory not received or data not complete,Inventory not received or incomplete
MI0040164,SWARTZ CREEK MEADOWS,400,,,,,,,,,,,,168,168,,42.97225387,-83.92287511,https://echo.epa.gov/detailed-facility-report?fid=MI0040164&sys=SDWIS," Inventory completed, no lead lines identified ",No lead lines
MI0006505,"SWARTZ CREEK, CITY OF","5,800",,,,,,,,,,,,"2,226","2,226",,42.9618406,-83.82892817,https://echo.epa.gov/detailed-facility-report?fid=MI0006505&sys=SDWIS," Inventory completed, no lead lines identified ",No lead lines
MI0040474,SWEET LAKE MOBILE HOME PARK,80,,,,,,,,,,,,53,53,,,,," Inventory completed, no lead lines identified ",No lead lines
MI0006508,SWIFT LAKE FARMS,60,,,,,,,,,,,,24,24,,42.08132759,-85.87373742,https://echo.epa.gov/detailed-facility-report?fid=MI0006508&sys=SDWIS," Inventory completed, no lead lines identified ",No lead lines
MI0040314,SYLVAN GLEN ESTATES,"1,015",,,,,,,,,,,,476,476,,42.57849888,-83.825993,https://echo.epa.gov/detailed-facility-report?fid=MI0040314&sys=SDWIS," Inventory completed, no lead lines identified ",No lead lines
MI0006530,SYLVAN LAKE,"2,155",,,,,,,,,467,467,0%,369,836,,42.61432786,-83.33297701,https://echo.epa.gov/detailed-facility-report?fid=MI0006530&sys=SDWIS," Not Compliant (<20% average replacement, 2021–2024) ",Not compliant
MI0006531,SYLVAN TOWNSHIP,263,,,,,,,,,,,,154,154,,42.29276929,-84.06037661,https://echo.epa.gov/detailed-facility-report?fid=MI0006531&sys=SDWIS," Inventory completed, no lead lines identified ",No lead lines
MI0007085,T.J. WHITE PINE MANOR APARTMENTS,32,,,,,,,,,,,,1,1,,43.75137743,-85.14607109,https://echo.epa.gov/detailed-facility-report?fid=MI0007085&sys=SDWIS," Inventory completed, no lead lines identified ",No lead lines
MI0006532,TALL OAKS CONDOMINUMS,65,,,,,,,,,,,,26,26,,43.98879691,-86.42947062,https://echo.epa.gov/detailed-facility-report?fid=MI0006532&sys=SDWIS," Inventory completed, no lead lines identified ",No lead lines
MI0040426,TALLMADGE MEADOWS,268,,,,,,,,,,,,109,109,,43.00690094,-85.7548781,https://echo.epa.gov/detailed-facility-report?fid=MI0040426&sys=SDWIS," Inventory completed, no lead lines identified ",No lead lines
MI0040337,TAMARAC VILLAGE,873,,,,,,,,,,,,328,328,,44.0091157,-86.46364849,https://echo.epa.gov/detailed-facility-report?fid=MI0040337&sys=SDWIS," Inventory completed, no lead lines identified ",No lead lines
MI0006537,TANNERY CREEK CONDOMINUM ASSOCIATION,90,,,,,,,,,,,,8,8,,45.38703972,-84.912176,https://echo.epa.gov/detailed-facility-report?fid=MI0006537&sys=SDWIS," Inventory completed, no lead lines identified ",No lead lines
MI0006540,"TAWAS CITY, CITY OF","1,827",,,,,,,,,241,241,0%,768,"1,009",,44.27164043,-83.52018685,https://echo.epa.gov/detailed-facility-report?fid=MI0006540&sys=SDWIS," Not Compliant (<20% average replacement, 2021–2024) ",Not compliant
MI0006545,TAYLOR,"63,409",7,5,28,15,27,82,124,,,124,39.8%,"19,381","19,505",2025,42.22645174,-83.26903385,https://echo.epa.gov/detailed-facility-report?fid=MI0006545&sys=SDWIS,"Compliant (≥20% average replacement, 2021–2024)",Compliant
MI0006552,TAYMOUTH TOWNSHIP,"2,033",,,,,,,,,,,,766,766,,43.238108,-83.90969286,https://echo.epa.gov/detailed-facility-report?fid=MI0006552&sys=SDWIS," Inventory completed, no lead lines identified ",No lead lines
MI0006560,TECUMSEH,"8,521",,,,2,8,10,2,,29,31,24.4%,"3,204","3,235",,42.00653329,-83.94804736,https://echo.epa.gov/detailed-facility-report?fid=MI0006560&sys=SDWIS," Not Compliant (<20% average replacement, 2021–2024) ",Not compliant
MI0006562,TEKONSHA,722,,,,,,,,,,,,324,324,,42.09481799,-84.98843239,https://echo.epa.gov/detailed-facility-report?fid=MI0006562&sys=SDWIS," Inventory completed, no lead lines identified ",No lead lines
MI0006571,THE BLUFFS AT GULL LAKE,180,,,,,,,,,,,,4,4,,,,," Inventory completed, no lead lines identified ",No lead lines
MI0060937,THE LAURELS OF FULTON,50,,,,,,,,,,,,1,1,,,,," Inventory completed, no lead lines identified ",No lead lines
MI0003831,THE LEELANAU SCHOOL,82,,,,,,,,,,,,15,15,,44.89714111,-85.99615976,https://echo.epa.gov/detailed-facility-report?fid=MI0003831&sys=SDWIS," Inventory completed, no lead lines identified ",No lead lines
MI0006569,THE LIGHTHOUSETRAVERSE CITY LLC,55,,,,,,,,,,,,6,6,,,,," Inventory completed, no lead lines identified ",No lead lines
MI0005229,THE PENINSULA DEVELOPMENT LLC,270,,,,,,,,,,,,117,117,,42.55273447,-83.75739871,https://echo.epa.gov/detailed-facility-report?fid=MI0005229&sys=SDWIS," Inventory completed, no lead lines identified ",No lead lines
MI0040640,THE PINES,65,,,,,,,,,,,,42,42,,43.49102233,-85.44090729,https://echo.epa.gov/detailed-facility-report?fid=MI0040640&sys=SDWIS," Inventory completed, no lead lines identified ",No lead lines
MI0066695,THE PINES OF GOODRICH,40,,,,,,,,,,,,2,2,,42.91861986,-83.501789,https://echo.epa.gov/detailed-facility-report?fid=MI0066695&sys=SDWIS," Inventory completed, no lead lines identified ",No lead lines
MI0066700,THE PORCHES,25,,,,,,,,,,,,3,3,,,,," Inventory completed, no lead lines identified ",No lead lines
MI0006574,THE SHORES ON CROOKED LAKE,57,,,,,,,,,,,,1,1,,45.42467753,-84.8441107,https://echo.epa.gov/detailed-facility-report?fid=MI0006574&sys=SDWIS," Inventory completed, no lead lines identified ",No lead lines
MI0064934,THE VILLA AT ROSE CITY,102,,,,,,,,,,,,1,1,,44.34244491,-83.93312964,https://echo.epa.gov/detailed-facility-report?fid=MI0064934&sys=SDWIS," Inventory completed, no lead lines identified ",No lead lines
MI0006580,THOMAS TOWNSHIP,"11,931",,,,,,,,,,,,"4,595","4,595",,43.42389828,-84.07901184,https://echo.epa.gov/detailed-facility-report?fid=MI0006580&sys=SDWIS," Inventory completed, no lead lines identified ",No lead lines
MI0006590,"THOMPSONVILLE, VILLAGE OF",438,,,,,,,,1,170,171,0%,85,256,,44.52005348,-85.9416212,https://echo.epa.gov/detailed-facility-report?fid=MI0006590&sys=SDWIS," Not Compliant (<20% average replacement, 2021–2024) ",Not compliant
MI0006592,THORN CREEK CONDOMINIUMS,50,,,,,,,,,,,,22,22,,44.78298717,-85.65342973,https://echo.epa.gov/detailed-facility-report?fid=MI0006592&sys=SDWIS," Inventory completed, no lead lines identified ",No lead lines
MI0040047,THORNAPPLE LAKE ESTATES,538,,,,,,,,,,,,215,215,,42.6284382,-85.17894663,https://echo.epa.gov/detailed-facility-report?fid=MI0040047&sys=SDWIS," Inventory completed, no lead lines identified ",No lead lines
MI0060425,THORNAPPLE MANOR,328,,,,,,,,,,,,3,3,,,,," Inventory completed, no lead lines identified ",No lead lines
MI0006594,THORNTON FARMS,"1,188",,,,,,,,,,,,402,402,,42.28663897,-83.90262804,https://echo.epa.gov/detailed-facility-report?fid=MI0006594&sys=SDWIS," Inventory completed, no lead lines identified ",No lead lines
MI0040497,THREE MILE LAKE TRAILER PARK,112,,,,,,,,,,,,28,28,,42.16744957,-85.97613419,https://echo.epa.gov/detailed-facility-report?fid=MI0040497&sys=SDWIS," Inventory completed, no lead lines identified ",No lead lines
MI0006600,THREE OAKS,"1,622",1,1,1,,,3,2,14,744,760,0.4%,71,831,,41.79888956,-86.61244077,https://echo.epa.gov/detailed-facility-report?fid=MI0006600&sys=SDWIS," Not Compliant (<20% average replacement, 2021–2024) ",Not compliant
MI0006610,THREE RIVERS,"7,905",,1,2,4,30,37,"1,420",83,39,"1,542",2.3%,"1,153","2,695",2024,41.94500753,-85.62827844,https://echo.epa.gov/detailed-facility-report?fid=MI0006610&sys=SDWIS," Not Compliant (<20% average replacement, 2021–2024) ",Not compliant
MI0004640,TILDEN TOWNSHIP,375,,,,,,,,,111,111,0%,29,140,,46.42550416,-87.73015129,https://echo.epa.gov/detailed-facility-report?fid=MI0004640&sys=SDWIS," Not Compliant (<20% average replacement, 2021–2024) ",Not compliant
MI0006624,TILLICUM FARMS,216,,,,,,,,,,,,75,75,,43.09436563,-85.45934549,https://echo.epa.gov/detailed-facility-report?fid=MI0006624&sys=SDWIS," Inventory completed, no lead lines identified ",No lead lines
MI0040574,TIMBER COUNTRY MOBILE HOME PARK,75,,,,,,,,,,,,35,35,,43.32698777,-84.82471025,https://echo.epa.gov/detailed-facility-report?fid=MI0040574&sys=SDWIS," Inventory completed, no lead lines identified ",No lead lines
MI0040363,TIMBERLINE ESTATES,755,,,,,,,,,,,,267,267,,43.30482969,-86.18349128,https://echo.epa.gov/detailed-facility-report?fid=MI0040363&sys=SDWIS," Inventory completed, no lead lines identified ",No lead lines
MI0002470,TITTABAWASSEE TOWNSHIP,"9,227",,,,,,,,,,,,"2,846","2,846",,43.49380255,-84.11458068,https://echo.epa.gov/detailed-facility-report?fid=MI0002470&sys=SDWIS," Inventory completed, no lead lines identified ",No lead lines
MI0040007,TOPAZ MOBILE HOME PARK,115,,,,,,,,,,,,43,43,,42.65360995,-85.76030698,https://echo.epa.gov/detailed-facility-report?fid=MI0040007&sys=SDWIS," Inventory completed, no lead lines identified ",No lead lines
MI0003270,TORCH LAKE TOWNSHIP,946,,,,1,1,2,,40,158,198,1.0%,91,289,,47.24370702,-88.454385,https://echo.epa.gov/detailed-facility-report?fid=MI0003270&sys=SDWIS," Not Compliant (<20% average replacement, 2021–2024) ",Not compliant
MI0040110,TOWN AND COUNTRY MHP,85,,,,,,,,,,,,40,40,,45.56217519,-84.45245581,https://echo.epa.gov/detailed-facility-report?fid=MI0040110&sys=SDWIS," Inventory completed, no lead lines identified ",No lead lines
MI0040131,TRADEWINDS MOBILE HOME PARK,54,,,,,,,,,,,,,29,,43.18772009,-83.720482,https://echo.epa.gov/detailed-facility-report?fid=MI0040131&sys=SDWIS,Inventory not received or data not complete,Inventory not received or incomplete
MI0006640,TRAVERSE CITY,"14,532",21,26,125,217,223,612,2,350,"1,239","1,591",27.8%,"5,323","6,914",,44.7555275,-85.6030966,https://echo.epa.gov/detailed-facility-report?fid=MI0006640&sys=SDWIS,"Compliant (≥20% average replacement, 2021–2024)",Compliant
MI0006647,TREETOPS RESORT (TREETOPS NORTH),90,,,,,,,,,,,,11,11,,45.03662111,-84.5877077,https://echo.epa.gov/detailed-facility-report?fid=MI0006647&sys=SDWIS," Inventory completed, no lead lines identified ",No lead lines
MI0006650,TRENTON,"18,544",10,14,9,3,20,56,155,4,,159,26.0%,"6,730","6,885",,42.13807779,-83.18377766,https://echo.epa.gov/detailed-facility-report?fid=MI0006650&sys=SDWIS," Not Compliant (<20% average replacement, 2021–2024) ",Not compliant
MI0006682,TROUT CREEK CONDOMINIUMS,492,,,,,,,,,3,3,0%,40,,,45.48009426,-84.91146428,https://echo.epa.gov/detailed-facility-report?fid=MI0006682&sys=SDWIS,Inventory not received or data not complete,Inventory not received or incomplete
MI0006690,TROY,"85,854",,,,,,,,,,,,"29,334","29,334",,42.58178945,-83.14602466,https://echo.epa.gov/detailed-facility-report?fid=MI0006690&sys=SDWIS," Inventory completed, no lead lines identified ",No lead lines
MI0006693,TULLYMORE CLUBHOUSE AND CAMELOT VILLAGE,50,,,,,,,,,,,,25,25,,43.56572432,-85.33042542,https://echo.epa.gov/detailed-facility-report?fid=MI0006693&sys=SDWIS," Inventory completed, no lead lines identified ",No lead lines
MI0006696,TWIN LAKES SUBDIVISION,598,,,,,,,,,,,,187,187,,42.76432226,-83.125305,https://echo.epa.gov/detailed-facility-report?fid=MI0006696&sys=SDWIS," Inventory completed, no lead lines identified ",No lead lines
MI0040090,TWIN PINES MOBILE HOME PARK,182,,,,,,,,,,,,73,73,,42.26954445,-84.71908862,https://echo.epa.gov/detailed-facility-report?fid=MI0040090&sys=SDWIS," Inventory completed, no lead lines identified ",No lead lines
MI0040410,TWIN PINES MOBILE HOME PARK,30,,,,,,,,,,,,36,36,,44.25114283,-84.06456904,https://echo.epa.gov/detailed-facility-report?fid=MI0040410&sys=SDWIS," Inventory completed, no lead lines identified ",No lead lines
MI0040658,TYRONE WOODS,733,,,,,,,,,,,,403,403,,42.72066219,-83.78211423,https://echo.epa.gov/detailed-facility-report?fid=MI0040658&sys=SDWIS," Inventory completed, no lead lines identified ",No lead lines
MI0006710,"UBLY, VILLAGE OF",858,,,,,,,,14,325,339,0%,87,426,,43.70961033,-82.93466738,https://echo.epa.gov/detailed-facility-report?fid=MI0006710&sys=SDWIS," Not Compliant (<20% average replacement, 2021–2024) ",Not compliant
MI0006720,UNION CITY,"1,630",,5,4,11,,20,,,,,100.0%,700,700,,42.06589318,-85.14161821,https://echo.epa.gov/detailed-facility-report?fid=MI0006720&sys=SDWIS,100% replaced,100% replaced
MI0006725,UNION TOWNSHIP,"12,927",,,,,1,1,,,371,371,0.3%,"1,639","2,010",,43.60878663,-84.74285125,https://echo.epa.gov/detailed-facility-report?fid=MI0006725&sys=SDWIS," Not Compliant (<20% average replacement, 2021–2024) ",Not compliant
MI0006730,"UNIONVILLE, VILLAGE OF",508,,,,,,,,,,,,267,267,,43.65477714,-83.46582438,https://echo.epa.gov/detailed-facility-report?fid=MI0006730&sys=SDWIS," Inventory completed, no lead lines identified ",No lead lines
MI0040325,UNIVERSITY MOBILE ESTATES #2,148,,,,,,,,,,,,69,69,,42.43167743,-83.76275631,https://echo.epa.gov/detailed-facility-report?fid=MI0040325&sys=SDWIS," Inventory completed, no lead lines identified ",No lead lines
MI0004800,UPPER MICHIGAN WATER COMPANY,"5,535",,,,,8,8,8,,,8,50.0%,"2,750","2,758",,47.23843958,-88.44940295,https://echo.epa.gov/detailed-facility-report?fid=MI0004800&sys=SDWIS," Not Compliant (<20% average replacement, 2021–2024) ",Not compliant
MI0006760,"UTICA, CITY OF","5,059",11,,,,94,105,6,99,"1,312","1,417",6.9%,779,"2,196",,42.6283709,-83.02942375,https://echo.epa.gov/detailed-facility-report?fid=MI0006760&sys=SDWIS," Not Compliant (<20% average replacement, 2021–2024) ",Not compliant
MI0006792,V F W NATIONAL HOME,150,,,,,,,,,,,,52,52,,42.45612725,-84.57117808,https://echo.epa.gov/detailed-facility-report?fid=MI0006792&sys=SDWIS," Inventory completed, no lead lines identified ",No lead lines
MI0006763,VALLEY SIDE APARTMENTS,45,,,,,,,,,,,,3,3,,44.36404474,-86.19946957,https://echo.epa.gov/detailed-facility-report?fid=MI0006763&sys=SDWIS," Inventory completed, no lead lines identified ",No lead lines
MI0006765,VALLEYWOOD COVE CONDOMINIUM ASSOCIATION,50,,,,,,,,,,,,50,50,,44.48901498,-86.23449142,https://echo.epa.gov/detailed-facility-report?fid=MI0006765&sys=SDWIS," Inventory completed, no lead lines identified ",No lead lines
MI0006770,VAN BUREN TOWNSHIP,"27,359",,,,,,,,,24,24,0%,"7,778","7,802",,42.21094033,-83.46163074,https://echo.epa.gov/detailed-facility-report?fid=MI0006770&sys=SDWIS," Not Compliant (<20% average replacement, 2021–2024) ",Not compliant
MI0006780,"VASSAR, CITY OF","2,697",,,,4,4,8,58,"1,001",,"1,059",0.7%,,"1,059",,43.37239403,-83.58000588,https://echo.epa.gov/detailed-facility-report?fid=MI0006780&sys=SDWIS," Not Compliant (<20% average replacement, 2021–2024) ",Not compliant
MI0006790,"VERMONTVILLE, VILLAGE OF",780,,,,,,,,,,,,352,352,,42.62537575,-85.02338266,https://echo.epa.gov/detailed-facility-report?fid=MI0006790&sys=SDWIS," Inventory completed, no lead lines identified ",No lead lines
MI0006072,VICINIA GARDENS,40,,,,,,,,,,,,4,4,,,,," Inventory completed, no lead lines identified ",No lead lines
MI0006800,VICKSBURG,"2,906",59,13,1,8,58,139,272,74,,346,28.7%,"1,192","1,538",,42.12364974,-85.54064704,https://echo.epa.gov/detailed-facility-report?fid=MI0006800&sys=SDWIS," Not Compliant (<20% average replacement, 2021–2024) ",Not compliant
MI0040498,VIKING RIVER MOBILE HOME PARK,55,,,,,,,,,,,,17,17,,42.22282415,-86.16283373,https://echo.epa.gov/detailed-facility-report?fid=MI0040498&sys=SDWIS," Inventory completed, no lead lines identified ",No lead lines
MI0060792,VILLA AT GREEN LAKE ESTATES,86,,,,,,,,,,,,2,2,,,,," Inventory completed, no lead lines identified ",No lead lines
MI0006803,VILLA NOUVA ASSOCIATION,72,,,,,,,,,,,,14,14,,45.23980719,-85.17723344,https://echo.epa.gov/detailed-facility-report?fid=MI0006803&sys=SDWIS," Inventory completed, no lead lines identified ",No lead lines
MI0007099,VILLAGE AT EAGLE GARDENS,193,,,,,,,,,,,,77,77,,42.41765463,-83.75265162,https://echo.epa.gov/detailed-facility-report?fid=MI0007099&sys=SDWIS," Inventory completed, no lead lines identified ",No lead lines
MI0040028,VILLAGE EAST ESTATES,235,,,,,,,,,75,75,0%,19,94,,42.50878007,-85.82271938,https://echo.epa.gov/detailed-facility-report?fid=MI0040028&sys=SDWIS," Not Compliant (<20% average replacement, 2021–2024) ",Not compliant
MI0006830,WAKEFIELD,"1,808",,,,14,,14,17,2,3,22,38.9%,962,984,,46.47130681,-89.93970073,https://echo.epa.gov/detailed-facility-report?fid=MI0006830&sys=SDWIS,"Compliant (≥20% average replacement, 2021–2024)",Compliant
MI0006850,WALDRON,538,,,,,,,,,59,59,0%,194,253,,41.72418358,-84.41884517,https://echo.epa.gov/detailed-facility-report?fid=MI0006850&sys=SDWIS," Not Compliant (<20% average replacement, 2021–2024) ",Not compliant
MI0006875,"WALLED LAKE, CITY OF","5,452",,,,,,,,,,,,"2,307","2,307",,42.5394366,-83.47836177,https://echo.epa.gov/detailed-facility-report?fid=MI0006875&sys=SDWIS," Inventory completed, no lead lines identified ",No lead lines
MI0006880,WALLOON LAKE WATER SYSTEM,399,,,,,,,,,,,,223,223,,45.2613141,-84.93787131,https://echo.epa.gov/detailed-facility-report?fid=MI0006880&sys=SDWIS," Inventory completed, no lead lines identified ",No lead lines
MI0006885,WALNUT LANE APARTMENTS,50,,,,,,,,,,,,1,1,2025,42.73804802,-85.6532143,https://echo.epa.gov/detailed-facility-report?fid=MI0006885&sys=SDWIS," Inventory completed, no lead lines identified ",No lead lines
MI0006900,"WARREN, CITY OF","134,056",99,99,65,69,56,388,5,33,"15,573","15,611",2.4%,"35,146","50,757",,42.4942148,-83.02735394,https://echo.epa.gov/detailed-facility-report?fid=MI0006900&sys=SDWIS," Not Compliant (<20% average replacement, 2021–2024) ",Not compliant
MI0040477,WASHBURN LAKE VILLAGE MHP,108,,,,,,,,,,,,44,44,2022,41.92172946,-85.33152296,https://echo.epa.gov/detailed-facility-report?fid=MI0040477&sys=SDWIS," Inventory completed, no lead lines identified ",No lead lines
MI0040330,WASHINGTON MHP,268,,,,,,,,,,,,107,107,,42.73953995,-83.02863587,https://echo.epa.gov/detailed-facility-report?fid=MI0040330&sys=SDWIS," Inventory completed, no lead lines identified ",No lead lines
MI0006905,WASHINGTON TOWNSHIP,"15,828",,,,,,,,,,,,"7,025","7,025",,42.73825379,-83.03108728,https://echo.epa.gov/detailed-facility-report?fid=MI0006905&sys=SDWIS," Inventory completed, no lead lines identified ",No lead lines
MI0006910,WATERFORD TOWNSHIP,"73,441",,,,2,,2,1,,,1,66.7%,"25,026","25,027",,42.65952076,-83.38599146,https://echo.epa.gov/detailed-facility-report?fid=MI0006910&sys=SDWIS,"Compliant (≥20% average replacement, 2021–2024)",Compliant
MI0040673,WATERS EDGE MH COMMUNITY,180,,,,,,,,,,,,80,80,,42.00783976,-84.29148993,https://echo.epa.gov/detailed-facility-report?fid=MI0040673&sys=SDWIS," Inventory completed, no lead lines identified ",No lead lines
MI0006920,WATERSMEET TOWNSHIP,575,,,,1,1,2,,31,127,158,1.2%,60,218,,46.25051778,-89.26496459,https://echo.epa.gov/detailed-facility-report?fid=MI0006920&sys=SDWIS," Not Compliant (<20% average replacement, 2021–2024) ",Not compliant
MI0006930,WATERVLIET,"2,735",61,3,6,6,6,82,11,624,301,936,8.1%,20,956,,42.18699052,-86.26037917,https://echo.epa.gov/detailed-facility-report?fid=MI0006930&sys=SDWIS," Not Compliant (<20% average replacement, 2021–2024) ",Not compliant
MI0006940,WAYLAND,"4,435",,,5,69,5,79,206,399,,605,11.5%,599,"1,204",,42.67543181,-85.6402534,https://echo.epa.gov/detailed-facility-report?fid=MI0006940&sys=SDWIS," Not Compliant (<20% average replacement, 2021–2024) ",Not compliant
MI0006950,WAYNE,"17,593",43,44,153,399,529,1168,112,182,"4,117","4,411",20.9%,"1,504","5,915",2023,42.27731324,-83.38580385,https://echo.epa.gov/detailed-facility-report?fid=MI0006950&sys=SDWIS," Not Compliant (<20% average replacement, 2021–2024) ",Not compliant
MI0006960,WEBBER TOWNSHIP,15,,,,,,,,,,,,13,13,,,,," Inventory completed, no lead lines identified ",No lead lines
MI0006970,"WEBBERVILLE, VILLAGE OF","1,503",,,,3,1,4,,7,375,382,1.0%,90,472,,42.66457041,-84.18240977,https://echo.epa.gov/detailed-facility-report?fid=MI0006970&sys=SDWIS," Not Compliant (<20% average replacement, 2021–2024) ",Not compliant
MI0006971,WEDGEWOOD GOLFSIDE CONDO ASSOC,125,,,,,,,,,,,,52,52,,43.0350049,-83.3710199,https://echo.epa.gov/detailed-facility-report?fid=MI0006971&sys=SDWIS," Inventory completed, no lead lines identified ",No lead lines
MI0040293,WELLERS TRAILER PARK,52,,,,,,,,,,,,21,21,,,,," Inventory completed, no lead lines identified ",No lead lines
MI0006975,WEST BLOOMFIELD TOWNSHIP,"49,479",,,3,,,3,,,454,454,0.7%,"16,925","17,379",,42.56010101,-83.40505954,https://echo.epa.gov/detailed-facility-report?fid=MI0006975&sys=SDWIS," Not Compliant (<20% average replacement, 2021–2024) ",Not compliant
MI0007012,WEST BRANCH TOWNSHIP,61,,,,,,,,,,,,80,80,,44.11258472,-83.80837975,https://echo.epa.gov/detailed-facility-report?fid=MI0007012&sys=SDWIS," Inventory completed, no lead lines identified ",No lead lines
MI0007010,"WEST BRANCH, CITY OF","2,139",,59,95,6,11,171,2,29,,31,84.7%,901,932,,44.27370821,-84.23128824,https://echo.epa.gov/detailed-facility-report?fid=MI0007010&sys=SDWIS,"Compliant (≥20% average replacement, 2021–2024)",Compliant
MI0067020,WEST HICKORY HAVEN,100,,,,,,,,,,,,1,,,,,,Inventory not received or data not complete,Inventory not received or incomplete
MI0040614,WEST OLIVE ESTATES,"1,850",,,,,,,,,,,,743,743,,42.92973911,-86.14108216,https://echo.epa.gov/detailed-facility-report?fid=MI0040614&sys=SDWIS," Inventory completed, no lead lines identified ",No lead lines
MI0005606,WEST PARK APARTMENTS,54,,,,,,,,,,,,6,6,,45.03725875,-84.70833395,https://echo.epa.gov/detailed-facility-report?fid=MI0005606&sys=SDWIS," Inventory completed, no lead lines identified ",No lead lines
MI0040650,WEST PINE ISLAND,75,,,,,,,,,,,,30,30,,43.41421285,-86.08711454,https://echo.epa.gov/detailed-facility-report?fid=MI0040650&sys=SDWIS," Inventory completed, no lead lines identified ",No lead lines
MI0007057,WEST TRAVERSE TOWNSHIP,414,,,,,,,,,,,,172,172,,,,," Inventory completed, no lead lines identified ",No lead lines
MI0007035,WESTBROOK APARTMENTS,330,,,,,,,,,,,,105,105,,42.41197826,-83.76258798,https://echo.epa.gov/detailed-facility-report?fid=MI0007035&sys=SDWIS," Inventory completed, no lead lines identified ",No lead lines
MI0004754,WESTERN PINES APARTMENTS,50,,,,,,,,,,,,,,,43.25276743,-83.78612503,https://echo.epa.gov/detailed-facility-report?fid=MI0004754&sys=SDWIS,Inventory not received or data not complete,Inventory not received or incomplete
MI0040162,"WESTHAVEN MOBILE HOME PARK, LLC",122,,,,,,, ,,,,,,,,42.98080595,-83.73103037,https://echo.epa.gov/detailed-facility-report?fid=MI0040162&sys=SDWIS,Inventory not received or data not complete,Inventory not received or incomplete
MI0007040,WESTLAND,"84,094",7,,2,2,2,13,,166,"13,193","13,359",0.1%,"15,095","28,454",,42.31913795,-83.37945763,https://echo.epa.gov/detailed-facility-report?fid=MI0007040&sys=SDWIS," Not Compliant (<20% average replacement, 2021–2024) ",Not compliant
MI0007050,"WESTPHALIA, VILLAGE OF",925,,,,,,,,,,,,415,415,,42.93322733,-84.79354158,https://echo.epa.gov/detailed-facility-report?fid=MI0007050&sys=SDWIS," Inventory completed, no lead lines identified ",No lead lines
MI0040435,WHISPERING OAKS MHP,40,,,,,,,,,,,,26,26,,44.29564555,-84.70917886,https://echo.epa.gov/detailed-facility-report?fid=MI0040435&sys=SDWIS," Inventory completed, no lead lines identified ",No lead lines
MI0040576,WHISPERING PINES,125,,,,,,,,,,,,50,50,,43.10966997,-85.6603575,https://echo.epa.gov/detailed-facility-report?fid=MI0040576&sys=SDWIS," Inventory completed, no lead lines identified ",No lead lines
MI0040500,WHISPERING PINES ESTATES,125,,,,,,,,,,,,50,50,,,,," Inventory completed, no lead lines identified ",No lead lines
MI0000575,WHISPERING PINES SENIOR LIVING,39,,,,,,,,,,,,1,1,,,,," Inventory completed, no lead lines identified ",No lead lines
MI0040561,WHITE BIRCH ESTATES,87,,,,,,,,,,,,51,51,,44.06791675,-85.45497572,https://echo.epa.gov/detailed-facility-report?fid=MI0040561&sys=SDWIS," Inventory completed, no lead lines identified ",No lead lines
MI0040516,WHITE BIRCH MOBILE HOME VILLAGE,250,,,,,,,,,,,,251,251,,45.80704888,-88.02767844,https://echo.epa.gov/detailed-facility-report?fid=MI0040516&sys=SDWIS," Inventory completed, no lead lines identified ",No lead lines
MI0007060,WHITE CLOUD,"1,408",4,,2,,,6,312,20,5,337,1.7%,180,517,,43.55042801,-85.77244794,https://echo.epa.gov/detailed-facility-report?fid=MI0007060&sys=SDWIS," Not Compliant (<20% average replacement, 2021–2024) ",Not compliant
MI0040294,WHITE CREEK COUNTRY ESTATES,300,,,,,,,,,,,,177,177,,43.25439845,-85.57549627,https://echo.epa.gov/detailed-facility-report?fid=MI0040294&sys=SDWIS," Inventory completed, no lead lines identified ",No lead lines
MI0007062,WHITE DEER VILLAGE,20,,,,,,,,,,,,18,18,,,,," Inventory completed, no lead lines identified ",No lead lines
MI0007061,WHITE EAGLE SUBDIVISION,224,,,,,,,,,,,,70,70,,42.695452,-83.56964341,https://echo.epa.gov/detailed-facility-report?fid=MI0007061&sys=SDWIS," Inventory completed, no lead lines identified ",No lead lines
MI0007064,WHITE LAKE ASSISTED LIVING CENTER,26,,,,,,,,,,,,2,2,,,,," Inventory completed, no lead lines identified ",No lead lines
MI0007065,WHITE LAKE TOWNSHIP,"5,799",,,,,,,,,,,,"2,419","2,419",2019,42.64162167,-83.47774928,https://echo.epa.gov/detailed-facility-report?fid=MI0007065&sys=SDWIS," Inventory completed, no lead lines identified ",No lead lines
MI0007067,WHITE OAKS CONDOMINIUMS,45,,,,,,,,,,,,24,24,,,,," Inventory completed, no lead lines identified ",No lead lines
MI0007070,WHITE PIGEON,"1,640",86,2,5,5,92,190,494,4,,498,27.6%,155,653,,41.79597458,-85.64459734,https://echo.epa.gov/detailed-facility-report?fid=MI0007070&sys=SDWIS," Not Compliant (<20% average replacement, 2021–2024) ",Not compliant
MI0040105,WHITE PINES MOBILE HOME PARK,90,,,,,,,,,,,,35,35,,42.07257952,-86.14336115,https://echo.epa.gov/detailed-facility-report?fid=MI0040105&sys=SDWIS," Inventory completed, no lead lines identified ",No lead lines
MI0007063,WHITEFORD TOWNSHIP,303,,,,,,,,,,,,165,165,,41.74125877,-83.68198952,https://echo.epa.gov/detailed-facility-report?fid=MI0007063&sys=SDWIS," Inventory completed, no lead lines identified ",No lead lines
MI0007100,WHITEHALL,"2,902",8,31,26,31,27,123,248,313,,561,18.0%,831,"1,392",,43.3965271,-86.34250758,https://echo.epa.gov/detailed-facility-report?fid=MI0007100&sys=SDWIS," Not Compliant (<20% average replacement, 2021–2024) ",Not compliant
MI0007101,WHITMORE LAKE APARTMENTS,281,,,,,,,,,,,,7,7,,,,," Inventory completed, no lead lines identified ",No lead lines
MI0007104,WHITTEMORE SQUARE APARTMENTS,30,,,,,,,,,,,,25,25,,44.21157389,-83.79923593,https://echo.epa.gov/detailed-facility-report?fid=MI0007104&sys=SDWIS," Inventory completed, no lead lines identified ",No lead lines
MI0007105,WILDWOOD ON WALLOON ASSOCIATION,90,,,,,,,,,36,36,0%,,36,,45.2672578,-84.99080612,https://echo.epa.gov/detailed-facility-report?fid=MI0007105&sys=SDWIS," Not Compliant (<20% average replacement, 2021–2024) ",Not compliant
MI0007125,WILLIAMS TOWNSHIP,"5,444",,,,,,,,,,,,"2,104","2,104",,,,," Inventory completed, no lead lines identified ",No lead lines
MI0007120,"WILLIAMSTON, CITY OF","3,917",3,2,,,,5,,,,,100.0%,"1,419","1,419",,42.68581466,-84.28306978,https://echo.epa.gov/detailed-facility-report?fid=MI0007120&sys=SDWIS,100% replaced,100% replaced
MI0040202,WILLOW VILLAGE,65,,,,,,, ,,,,,,,,,,,Inventory not received or data not complete,Inventory not received or incomplete
MI0001658,WILLOWS ON TWIN PONDS,147,,,,,,,,,,,,14,14,,42.19220814,-84.31900547,https://echo.epa.gov/detailed-facility-report?fid=MI0001658&sys=SDWIS," Inventory completed, no lead lines identified ",No lead lines
MI0007126,WINDJAMMER COVE CONDOMINIUMS,30,,,,,,,,,,,,17,17,,,,," Inventory completed, no lead lines identified ",No lead lines
MI0040203,WINDMILL PARK,950,,,,,,,,,,,,487,487,,42.62446772,-84.54957013,https://echo.epa.gov/detailed-facility-report?fid=MI0040203&sys=SDWIS," Inventory completed, no lead lines identified ",No lead lines
MI0040124,WINDSOR ESTATES,718,,,,,,,,,,,,471,471,,42.66452194,-84.65962553,https://echo.epa.gov/detailed-facility-report?fid=MI0040124&sys=SDWIS," Inventory completed, no lead lines identified ",No lead lines
MI0007130,WINDWARD OWNERS ASSOCIATION,90,,,,,,,,,8,8,0%,12,20,,,,," Not Compliant (<20% average replacement, 2021–2024) ",Not compliant
MI0007134,WISNER AREA WATER SYSTEM,504,,,,,,,,,,,,250,250,,,,," Inventory completed, no lead lines identified ",No lead lines
MI0007135,"WIXOM, CITY OF","13,928",,,,,,,,4,224,228,0%,"3,271","3,499",,42.52180602,-83.54003386,https://echo.epa.gov/detailed-facility-report?fid=MI0007135&sys=SDWIS," Not Compliant (<20% average replacement, 2021–2024) ",Not compliant
MI0040501,WOLF LAKE MOBILE HOME PARK,99,,,,,,,,,,,,45,45,,42.27079856,-85.77415644,https://echo.epa.gov/detailed-facility-report?fid=MI0040501&sys=SDWIS," Inventory completed, no lead lines identified ",No lead lines
MI0040480,WOOD VALLEY,348,,,,,,,,,,,,140,140,,43.32821416,-83.56725742,https://echo.epa.gov/detailed-facility-report?fid=MI0040480&sys=SDWIS," Inventory completed, no lead lines identified ",No lead lines
MI0007160,WOODBINE SUBDIVISION,375,,,,,,,,146,,146,0%,,146,,42.47261322,-83.32871116,https://echo.epa.gov/detailed-facility-report?fid=MI0007160&sys=SDWIS," Not Compliant (<20% average replacement, 2021–2024) ",Not compliant
MI0007180,WOODHAVEN,"12,875",,,,,,,,,,,,"3,905","3,905",,42.12614569,-83.23402714,https://echo.epa.gov/detailed-facility-report?fid=MI0007180&sys=SDWIS," Inventory completed, no lead lines identified ",No lead lines
MI0006820,WOODLAND CENTER CORRECTIONAL FACILITY,210,,,,,,,,,,,,10,10,,,,," Inventory completed, no lead lines identified ",No lead lines
MI0040296,WOODLAND ESTATES,268,,,,,,,,,,,,107,107,,43.08826897,-85.56092936,https://echo.epa.gov/detailed-facility-report?fid=MI0040296&sys=SDWIS," Inventory completed, no lead lines identified ",No lead lines
MI0040326,WOODLAND PARK AND SALES,125,,,,,,,,,,,,63,63,,42.55951957,-83.79275739,https://echo.epa.gov/detailed-facility-report?fid=MI0040326&sys=SDWIS," Inventory completed, no lead lines identified ",No lead lines
MI0007182,WOODLAND PARK APARTMENTS,16,,,,,,,,,,,,1,1,,,,," Inventory completed, no lead lines identified ",No lead lines
MI0040669,WOODLAND RIDGE,"1,080",,,,,,,,,,,,544,544,,42.44380006,-83.70496966,https://echo.epa.gov/detailed-facility-report?fid=MI0040669&sys=SDWIS," Inventory completed, no lead lines identified ",No lead lines
MI0040404,WOODLANDS MHC,650,,,,,,,,,,,,374,374,,42.79509997,-83.16710173,https://echo.epa.gov/detailed-facility-report?fid=MI0040404&sys=SDWIS," Inventory completed, no lead lines identified ",No lead lines
MI0007185,WOODRUFF LAKE CONDOMINIUMS,95,,,,,,,,,,,,60,60,,,,," Inventory completed, no lead lines identified ",No lead lines
MI0040639,WOODS AND FIELDS COMMUNITIES EAST,528,,,,,,,,,,,,324,324,,42.96397561,-84.20855937,https://echo.epa.gov/detailed-facility-report?fid=MI0040639&sys=SDWIS," Inventory completed, no lead lines identified ",No lead lines
MI0040455,WOODS AND FIELDS COMMUNITIES WEST,185,,,,,,,,,,,,72,72,2025,42.99641618,-84.21993424,https://echo.epa.gov/detailed-facility-report?fid=MI0040455&sys=SDWIS," Inventory completed, no lead lines identified ",No lead lines
MI0007186,WOODS OF LOCHAVEN,2,,,,,,,,,,,,1,1,,,,," Inventory completed, no lead lines identified ",No lead lines
MI0003856,WORTH TOWNSHIP,"3,854",,,,,,,,,,,,"1,937","1,937",,43.2050353,-82.51905132,https://echo.epa.gov/detailed-facility-report?fid=MI0003856&sys=SDWIS," Inventory completed, no lead lines identified ",No lead lines
MI0007210,WYANDOTTE,"25,883",30,53,27,75,47,232,241,11,"9,439","9,691",2.3%,578,"10,269",,42.19517239,-83.15856914,https://echo.epa.gov/detailed-facility-report?fid=MI0007210&sys=SDWIS," Not Compliant (<20% average replacement, 2021–2024) ",Not compliant
MI0007217,WYNSTONE SUBDIVISION,"1,146",,,,,,,,,,,,359,359,,42.78716069,-83.12580422,https://echo.epa.gov/detailed-facility-report?fid=MI0007217&sys=SDWIS," Inventory completed, no lead lines identified ",No lead lines
MI0007220,WYOMING,"72,125",2,,,,2,4,,,,,100.0%,"23,407","23,407",,42.88917492,-85.70504552,https://echo.epa.gov/detailed-facility-report?fid=MI0007220&sys=SDWIS,100% replaced,100% replaced
MI0007230,"YALE, CITY OF","1,900",,,,,2,2,,,38,38,5.0%,732,743,,43.12772717,-82.79731487,https://echo.epa.gov/detailed-facility-report?fid=MI0007230&sys=SDWIS," Not Compliant (<20% average replacement, 2021–2024) ",Not compliant
MI0040585,YANKEE SPRINGS MEADOWS,710,,,,,,,,,,,,274,274,,42.67170922,-85.54157658,https://echo.epa.gov/detailed-facility-report?fid=MI0040585&sys=SDWIS," Inventory completed, no lead lines identified ",No lead lines
MI0007231,YANKEE SPRINGS TOWNSHIP,660,,,,,,,,,,,,278,278,,42.61965825,-85.540165,https://echo.epa.gov/detailed-facility-report?fid=MI0007231&sys=SDWIS," Inventory completed, no lead lines identified ",No lead lines
MI0007235,YODER APARTMENTS,90,,,,,,,,,,,,4,4,,,,," Inventory completed, no lead lines identified ",No lead lines
MI0007240,YORK CONDOMINIUMS,74,,,,,,,,,,,,11,11,,44.92232933,-85.61736244,https://echo.epa.gov/detailed-facility-report?fid=MI0007240&sys=SDWIS," Inventory completed, no lead lines identified ",No lead lines
MI0007260,YPSILANTI COMMUNITY UTILITY AUTHORITY,"53,988",20,67,18,22,49,176,155,364,758,"1,277",12.1%,"19,135","20,412",,42.22205608,-83.60282211,https://echo.epa.gov/detailed-facility-report?fid=MI0007260&sys=SDWIS," Not Compliant (<20% average replacement, 2021–2024) ",Not compliant
MI0007270,ZEELAND BOARD OF PUBLIC WORKS,"8,328",81,138,246,133,108,706,31,269,,300,70.2%,"2,169","2,469",,42.81392373,-86.01285657,https://echo.epa.gov/detailed-facility-report?fid=MI0007270&sys=SDWIS,"Compliant (≥20% average replacement, 2021–2024)",Compliant
MI0007280,"ZILWAUKEE, CITY OF","1,534",,,,,,,,,,,,770,770,,43.48062678,-83.92622577,https://echo.epa.gov/detailed-facility-report?fid=MI0007280&sys=SDWIS," Inventory completed, no lead lines identified ",No lead lines
